"","fy","agency","agency_name","Receipts"
"1",1998,101,NA,245163.84
"2",1998,103,NA,1550786.28
"3",1998,108,NA,157944.2
"4",1998,112,NA,769.59
"5",1998,115,NA,53377.3
"6",1998,131,NA,7840172.4
"7",1998,167,NA,90586.09
"8",1998,201,NA,674169.73
"9",1998,205,NA,174820
"10",1998,215,NA,87683.85
"11",1998,225,NA,32027.01
"12",1998,235,NA,23227.8
"13",1998,245,NA,19462.75
"14",1998,255,NA,27316.39
"15",1998,275,NA,41561207.42
"16",1998,290,NA,493915.54
"17",1998,295,NA,2567052.41
"18",1998,310,NA,247505.28
"19",1998,330,NA,76506.26
"20",1998,340,NA,9612831.59
"21",1998,350,NA,1112781302.39
"22",1998,360,NA,3896636342.93
"23",1998,370,NA,1589965804.25
"24",1998,402,NA,49357910.75
"25",1998,406,NA,27078049.15
"26",1998,409,NA,199893.98
"27",1998,416,NA,1180992171.09
"28",1998,418,NA,373558146
"29",1998,420,NA,325516304.79
"30",1998,422,NA,65857761.51
"31",1998,426,NA,58444948.87
"32",1998,427,NA,176185644.34
"33",1998,438,NA,132406916.97
"34",1998,442,NA,2257689.85
"35",1998,444,NA,1978365749.66
"36",1998,446,NA,188614580.66
"37",1998,452,NA,1576011.59
"38",1998,458,NA,1031678354.41
"39",1998,462,NA,228631.05
"40",1998,466,NA,13937753.52
"41",1998,473,NA,22956987.98
"42",1998,475,NA,22881874.3
"43",1998,478,NA,4685896524.52
"44",1998,482,NA,105914064.05
"45",1998,488,NA,242052.07
"46",1998,492,NA,21596599344.87
"47",1998,493,NA,48156444.22
"48",1998,494,NA,992024356.63
"49",1998,497,NA,28208562.45
"50",1998,503,NA,586110.93
"51",1998,505,NA,24002835.87
"52",1998,507,NA,4245.52
"53",1998,511,NA,14270686.59
"54",1998,517,NA,104.95
"55",1998,524,NA,29193091.51
"56",1998,527,NA,958084.27
"57",1998,528,NA,4955471.46
"58",1998,531,NA,3489818.37
"59",1998,532,NA,189879423.78
"60",1998,537,NA,120221.05
"61",1998,538,NA,512225.86
"62",1998,540,NA,198022.5
"63",1998,541,NA,1627989.02
"64",1998,542,NA,384.19
"65",1998,546,NA,40374611.03
"66",1998,548,NA,97652.58
"67",1998,553,NA,519753169.61
"68",1998,555,NA,17.2
"69",1998,556,NA,251015.9
"70",1998,557,NA,329841843.87
"71",1998,558,NA,2363917.59
"72",1998,559,NA,75
"73",1998,563,NA,9340428.12
"74",1998,567,NA,5061439.02
"75",1998,569,NA,154902.87
"76",1998,575,NA,75487.38
"77",1998,577,NA,782573.35
"78",1998,578,NA,569.46
"79",1998,579,NA,7239850.76
"80",1998,580,NA,9970.99
"81",1998,586,NA,980419339.21
"82",1998,587,NA,64669.65
"83",1998,588,NA,40600728.81
"84",1998,589,NA,423668548.77
"85",1998,590,NA,4589.13
"86",1998,591,NA,97.17
"87",1998,592,NA,2760274.11
"88",1998,593,NA,1340676204.14
"89",1998,601,NA,2959382.6
"90",1998,608,NA,6241.5
"91",1998,612,NA,2663.9
"92",1998,616,NA,496469.24
"93",1998,620,NA,48845.94
"94",1998,664,NA,14356.31
"95",1998,676,NA,209977.06
"96",1998,684,NA,4181993.24
"97",1998,691,NA,181037401.23
"98",1998,692,NA,1146050.05
"99",1998,695,NA,59
"100",1999,101,NA,194314.15
"101",1999,103,NA,1950511.21
"102",1999,108,NA,186775
"103",1999,109,NA,9.95
"104",1999,115,NA,29240
"105",1999,131,NA,8621537.38
"106",1999,167,NA,82927.6
"107",1999,201,NA,406164.53
"108",1999,205,NA,171055
"109",1999,215,NA,93036.85
"110",1999,225,NA,33016.72
"111",1999,235,NA,21458.22
"112",1999,245,NA,18854
"113",1999,255,NA,22807.79
"114",1999,275,NA,41789165.32
"115",1999,285,NA,133.62
"116",1999,290,NA,569233.33
"117",1999,295,NA,3473474.59
"118",1999,310,NA,161895.28
"119",1999,330,NA,79391.44
"120",1999,340,NA,13432230.94
"121",1999,350,NA,1152222938.03
"122",1999,360,NA,7764252618.93
"123",1999,370,NA,1648833073.24
"124",1999,402,NA,47554739.49
"125",1999,406,NA,31669816.71
"126",1999,409,NA,107500
"127",1999,416,NA,1265070971.92
"128",1999,418,NA,355340536.06
"129",1999,420,NA,305066371.18
"130",1999,422,NA,67914256.3
"131",1999,426,NA,80954073.61
"132",1999,427,NA,173975461.86
"133",1999,438,NA,117507738.37
"134",1999,442,NA,2035743.11
"135",1999,444,NA,2059334787.81
"136",1999,446,NA,248443986.12
"137",1999,452,NA,1924493.8
"138",1999,458,NA,1064525359.66
"139",1999,462,NA,42224.69
"140",1999,466,NA,12874026.33
"141",1999,473,NA,23922922.42
"142",1999,475,NA,18181796.53
"143",1999,478,NA,5093128171.77
"144",1999,482,NA,72915181.19
"145",1999,488,NA,82986.71
"146",1999,492,NA,23098091394.73
"147",1999,493,NA,49542453.15
"148",1999,494,NA,825644203.79
"149",1999,497,NA,29197692.69
"150",1999,503,NA,651178.05
"151",1999,505,NA,23732694.36
"152",1999,507,NA,364.78
"153",1999,511,NA,19853661.37
"154",1999,524,NA,21332716.87
"155",1999,525,NA,2065399.6
"156",1999,527,NA,1086607.99
"157",1999,528,NA,2438598.57
"158",1999,531,NA,3396233.81
"159",1999,532,NA,255154784.89
"160",1999,537,NA,81716.68
"161",1999,538,NA,1151892.46
"162",1999,540,NA,221654.65
"163",1999,541,NA,1758434.75
"164",1999,542,NA,245.69
"165",1999,546,NA,50772693.59
"166",1999,548,NA,106041.95
"167",1999,553,NA,556502971.72
"168",1999,555,NA,17.2
"169",1999,556,NA,398103
"170",1999,557,NA,387495022.9
"171",1999,558,NA,2542202.55
"172",1999,563,NA,12972315.59
"173",1999,567,NA,5458767.72
"174",1999,569,NA,385132.25
"175",1999,575,NA,143890.16
"176",1999,577,NA,706862.02
"177",1999,578,NA,128.98
"178",1999,579,NA,6856323.17
"179",1999,580,NA,12813.14
"180",1999,586,NA,1019769091.35
"181",1999,587,NA,51689.37
"182",1999,588,NA,42797055.55
"183",1999,589,NA,475790318
"184",1999,590,NA,3425.35
"185",1999,591,NA,229.57
"186",1999,592,NA,3096270.04
"187",1999,593,NA,1421755075.97
"188",1999,601,NA,2847174.18
"189",1999,608,NA,1330.24
"190",1999,616,NA,4880.29
"191",1999,620,NA,2000
"192",1999,664,NA,3391.34
"193",1999,676,NA,105477.5
"194",1999,684,NA,7650288.78
"195",1999,691,NA,229583063.62
"196",1999,692,NA,2300542.19
"197",1999,693,NA,2194558.31
"198",2000,101,NA,189571.81
"199",2000,103,NA,1833019.63
"200",2000,107,NA,55.67
"201",2000,108,NA,68348.07
"202",2000,115,NA,23859.63
"203",2000,131,NA,9073953.31
"204",2000,167,NA,52283.21
"205",2000,201,NA,377759.46
"206",2000,205,NA,175712.6
"207",2000,215,NA,86796.75
"208",2000,225,NA,31383.13
"209",2000,235,NA,20968.62
"210",2000,245,NA,17392.5
"211",2000,255,NA,27272.29
"212",2000,275,NA,45390969.83
"213",2000,290,NA,505282.77
"214",2000,295,NA,2796952.02
"215",2000,310,NA,153419.99
"216",2000,330,NA,110659.36
"217",2000,340,NA,12064058.61
"218",2000,350,NA,1438146382.83
"219",2000,360,NA,15628709814.75
"220",2000,370,NA,2321851420.14
"221",2000,402,NA,45826453.17
"222",2000,406,NA,34636252.93
"223",2000,409,NA,-37500
"224",2000,416,NA,1411057483.74
"225",2000,418,NA,431244335.55
"226",2000,420,NA,330448483.41
"227",2000,422,NA,70203555.73
"228",2000,426,NA,82987853.59
"229",2000,427,NA,190792371.74
"230",2000,438,NA,6967943.55
"231",2000,442,NA,1930762.35
"232",2000,444,NA,1989421447.63
"233",2000,446,NA,263399245.66
"234",2000,452,NA,1704901.81
"235",2000,458,NA,1363989641.55
"236",2000,462,NA,5381.71
"237",2000,466,NA,13730208.91
"238",2000,473,NA,24605781.73
"239",2000,475,NA,34833225.99
"240",2000,478,NA,5485556601.66
"241",2000,482,NA,82846695.03
"242",2000,488,NA,2155.41
"243",2000,492,NA,24763103270.31
"244",2000,493,NA,44500788.46
"245",2000,494,NA,1018795736.49
"246",2000,497,NA,31302132.85
"247",2000,503,NA,575865.72
"248",2000,505,NA,29020780.08
"249",2000,507,NA,8328.46
"250",2000,511,NA,26641799.89
"251",2000,517,NA,34
"252",2000,524,NA,25426180.71
"253",2000,525,NA,2136569.47
"254",2000,527,NA,1224553.51
"255",2000,528,NA,169787.5
"256",2000,529,NA,45692
"257",2000,531,NA,2266031.26
"258",2000,532,NA,278101923.56
"259",2000,537,NA,113097.91
"260",2000,538,NA,3654121.17
"261",2000,540,NA,135526.4
"262",2000,541,NA,1639761.13
"263",2000,542,NA,65.65
"264",2000,546,NA,51331817.47
"265",2000,548,NA,86636.44
"266",2000,553,NA,562371940.8
"267",2000,555,NA,17.2
"268",2000,556,NA,249458.25
"269",2000,557,NA,441968353.42
"270",2000,558,NA,2915200
"271",2000,559,NA,171968.88
"272",2000,563,NA,10643836.76
"273",2000,567,NA,5080562.25
"274",2000,569,NA,806138.22
"275",2000,571,NA,42265.03
"276",2000,575,NA,46373.67
"277",2000,577,NA,640635.29
"278",2000,578,NA,2016.29
"279",2000,579,NA,2328707.52
"280",2000,580,NA,6483.5
"281",2000,586,NA,1172323578.16
"282",2000,587,NA,97004.96
"283",2000,588,NA,30129297.61
"284",2000,589,NA,520422478.78
"285",2000,590,NA,4534.7
"286",2000,591,NA,388.67
"287",2000,592,NA,2395440.51
"288",2000,593,NA,1552654750.11
"289",2000,601,NA,2971193.54
"290",2000,616,NA,500
"291",2000,644,NA,24239.57
"292",2000,664,NA,781.19
"293",2000,676,NA,51120.03
"294",2000,684,NA,4459386.4
"295",2000,691,NA,170512863.88
"296",2000,692,NA,1702141.77
"297",2000,693,NA,7806550.07
"298",2001,101,NA,175835.56
"299",2001,103,NA,2384825.15
"300",2001,107,NA,200.33
"301",2001,108,NA,51153
"302",2001,112,NA,170.6
"303",2001,115,NA,18783.97
"304",2001,131,NA,9410072.35
"305",2001,167,NA,90605
"306",2001,201,NA,545917.55
"307",2001,205,NA,183380.75
"308",2001,215,NA,81481.5
"309",2001,225,NA,30523.67
"310",2001,235,NA,18598.79
"311",2001,245,NA,15419.25
"312",2001,255,NA,31652.29
"313",2001,275,NA,49913069.37
"314",2001,290,NA,414623.64
"315",2001,295,NA,3202621.19
"316",2001,310,NA,145684.94
"317",2001,330,NA,3094.35
"318",2001,340,NA,16232410.41
"319",2001,350,NA,1721862878.14
"320",2001,360,NA,18735233045.93
"321",2001,370,NA,3207359313.25
"322",2001,402,NA,51291802.8
"323",2001,406,NA,36485046.45
"324",2001,416,NA,1585062990.43
"325",2001,418,NA,391617251.4
"326",2001,420,NA,228934530.06
"327",2001,422,NA,74025065.53
"328",2001,426,NA,83352507.78
"329",2001,427,NA,275055508.75
"330",2001,438,NA,9059660.4
"331",2001,442,NA,1364702.72
"332",2001,444,NA,1890876698.45
"333",2001,446,NA,297166146.25
"334",2001,452,NA,1419964.21
"335",2001,458,NA,1043372501.71
"336",2001,466,NA,15153566.66
"337",2001,473,NA,24512431.02
"338",2001,475,NA,16800451.81
"339",2001,478,NA,6066727948.61
"340",2001,482,NA,91246169.99
"341",2001,492,NA,24894738320.7
"342",2001,493,NA,41323153.36
"343",2001,494,NA,1102825379.09
"344",2001,497,NA,32566056.8
"345",2001,503,NA,645626.75
"346",2001,505,NA,27755982.21
"347",2001,507,NA,1113.8
"348",2001,511,NA,43131478.65
"349",2001,524,NA,48669403.09
"350",2001,525,NA,529448.75
"351",2001,527,NA,1650770.6
"352",2001,528,NA,14171569.32
"353",2001,531,NA,3595463.04
"354",2001,532,NA,302577939.75
"355",2001,537,NA,130987.27
"356",2001,538,NA,5327839.93
"357",2001,540,NA,140685.88
"358",2001,541,NA,2266781.85
"359",2001,542,NA,451.96
"360",2001,546,NA,77509079.75
"361",2001,548,NA,67081.39
"362",2001,553,NA,546962944.03
"363",2001,555,NA,68.8
"364",2001,556,NA,268600
"365",2001,557,NA,384581531.11
"366",2001,558,NA,2440016.01
"367",2001,559,NA,120074.24
"368",2001,563,NA,18821516.51
"369",2001,567,NA,4709311.48
"370",2001,569,NA,1352353.54
"371",2001,571,NA,-2210
"372",2001,575,NA,92348.12
"373",2001,577,NA,743834.7
"374",2001,578,NA,1439.81
"375",2001,579,NA,2058630.68
"376",2001,580,NA,18717.13
"377",2001,583,NA,15950.5
"378",2001,586,NA,1199692905.74
"379",2001,587,NA,30339.24
"380",2001,588,NA,29358641.9
"381",2001,589,NA,558455170.41
"382",2001,590,NA,3633.04
"383",2001,591,NA,122.42
"384",2001,592,NA,2291936.62
"385",2001,593,NA,1750418850.76
"386",2001,601,NA,5171153
"387",2001,612,NA,848.11
"388",2001,616,NA,5939.78
"389",2001,644,NA,68269.56
"390",2001,664,NA,1200.95
"391",2001,676,NA,76201.79
"392",2001,684,NA,6183339.42
"393",2001,691,NA,270393786.68
"394",2001,692,NA,2656132.6
"395",2001,693,NA,8998786.57
"396",2002,101,NA,189460.16
"397",2002,103,NA,2030143.75
"398",2002,107,NA,698.03
"399",2002,108,NA,16990.15
"400",2002,115,NA,16420.96
"401",2002,131,NA,9926125.91
"402",2002,167,NA,57033.15
"403",2002,201,NA,801143.61
"404",2002,205,NA,184095.45
"405",2002,215,NA,76761.25
"406",2002,225,NA,26955.86
"407",2002,235,NA,16851.41
"408",2002,245,NA,15546.75
"409",2002,255,NA,20655.78
"410",2002,275,NA,51643531.73
"411",2002,285,NA,1250.81
"412",2002,290,NA,339847.28
"413",2002,295,NA,3629898.36
"414",2002,310,NA,264762.47
"415",2002,330,NA,15496.04
"416",2002,340,NA,15386202.24
"417",2002,350,NA,1777376750.65
"418",2002,360,NA,19825560812.35
"419",2002,370,NA,4051856695.69
"420",2002,402,NA,61579781.82
"421",2002,406,NA,35089546.24
"422",2002,416,NA,1682381936.69
"423",2002,418,NA,444824462.63
"424",2002,420,NA,214953656.53
"425",2002,422,NA,79496231.15
"426",2002,426,NA,101795464.45
"427",2002,427,NA,352001584.63
"428",2002,438,NA,7739243.26
"429",2002,442,NA,785877.8
"430",2002,444,NA,1883588960.37
"431",2002,446,NA,316450002.72
"432",2002,452,NA,1768566.41
"433",2002,458,NA,1111997204.43
"434",2002,466,NA,15216662.65
"435",2002,473,NA,25273063.47
"436",2002,475,NA,33997840.97
"437",2002,478,NA,6322150541.5
"438",2002,482,NA,97228481.97
"439",2002,492,NA,24098590085.5
"440",2002,493,NA,43960038.23
"441",2002,494,NA,1100126274.35
"442",2002,497,NA,35359312.87
"443",2002,503,NA,630931.21
"444",2002,505,NA,31571694.91
"445",2002,507,NA,622.16
"446",2002,511,NA,67842244.64
"447",2002,524,NA,37077730.95
"448",2002,525,NA,533678.34
"449",2002,527,NA,1798781.42
"450",2002,528,NA,6786637.72
"451",2002,531,NA,4753073.64
"452",2002,532,NA,304524385.46
"453",2002,537,NA,127432.71
"454",2002,538,NA,1205978.99
"455",2002,540,NA,169948.64
"456",2002,541,NA,2161530.72
"457",2002,542,NA,17.2
"458",2002,546,NA,69967367.69
"459",2002,548,NA,68784.69
"460",2002,553,NA,533243689.6
"461",2002,556,NA,206000
"462",2002,557,NA,390327587.08
"463",2002,558,NA,2328348.8
"464",2002,559,NA,43800.35
"465",2002,563,NA,13234724.89
"466",2002,567,NA,5010998.12
"467",2002,569,NA,1931047.07
"468",2002,571,NA,162500
"469",2002,575,NA,20263.49
"470",2002,577,NA,740807.07
"471",2002,578,NA,686.43
"472",2002,579,NA,2252570.02
"473",2002,580,NA,14514.1
"474",2002,583,NA,34049.5
"475",2002,586,NA,1283286869.17
"476",2002,587,NA,77671.85
"477",2002,588,NA,18126420.46
"478",2002,589,NA,628873270.45
"479",2002,590,NA,1323.7
"480",2002,591,NA,51.54
"481",2002,592,NA,2518445.19
"482",2002,593,NA,1996529190.96
"483",2002,601,NA,16251102.4
"484",2002,616,NA,5145.34
"485",2002,644,NA,59.25
"486",2002,664,NA,6714.78
"487",2002,676,NA,124740.23
"488",2002,684,NA,22823625.58
"489",2002,691,NA,272470232.63
"490",2002,692,NA,5715112.97
"491",2002,693,NA,10171863.53
"492",2002,695,NA,1727.73
"493",2003,101,NA,256989.61
"494",2003,103,NA,1917816.9
"495",2003,107,NA,2.96
"496",2003,108,NA,637.09
"497",2003,115,NA,10803.76
"498",2003,131,NA,12017153.14
"499",2003,167,NA,41716.25
"500",2003,201,NA,847063.59
"501",2003,205,NA,194400.5
"502",2003,215,NA,84820
"503",2003,225,NA,27879.7
"504",2003,235,NA,18745.43
"505",2003,245,NA,15549.75
"506",2003,255,NA,16801.61
"507",2003,275,NA,59544200.78
"508",2003,290,NA,581659
"509",2003,295,NA,3667052.02
"510",2003,310,NA,94471.93
"511",2003,330,NA,-18974.42
"512",2003,340,NA,104256463.3
"513",2003,350,NA,1683074736.71
"514",2003,360,NA,21097128408.08
"515",2003,370,NA,16279622275.78
"516",2003,402,NA,57938172.61
"517",2003,406,NA,32834374.08
"518",2003,416,NA,1896068516.02
"519",2003,418,NA,393920634.96
"520",2003,420,NA,224992772.82
"521",2003,422,NA,80866536.05
"522",2003,426,NA,66129878.58
"523",2003,427,NA,392324537.62
"524",2003,438,NA,10220001.2
"525",2003,442,NA,2409304.04
"526",2003,444,NA,1840585878.43
"527",2003,446,NA,364475119.98
"528",2003,452,NA,1832228.92
"529",2003,458,NA,1070287563.85
"530",2003,466,NA,14283495.81
"531",2003,473,NA,25654500.14
"532",2003,475,NA,22980673.14
"533",2003,478,NA,6812282667.69
"534",2003,482,NA,116526224.75
"535",2003,492,NA,24246005338.5
"536",2003,493,NA,44880474.17
"537",2003,494,NA,946474621.26
"538",2003,497,NA,34345229.38
"539",2003,503,NA,684829
"540",2003,505,NA,31006428.69
"541",2003,507,NA,276.24
"542",2003,511,NA,64570870.54
"543",2003,517,NA,111.5
"544",2003,524,NA,40191448.76
"545",2003,525,NA,511112.94
"546",2003,527,NA,2033415.61
"547",2003,528,NA,9284463.09
"548",2003,531,NA,4111325.42
"549",2003,532,NA,308905270.45
"550",2003,537,NA,118844.07
"551",2003,538,NA,369811.74
"552",2003,540,NA,77.48
"553",2003,541,NA,2323790.83
"554",2003,542,NA,177.04
"555",2003,546,NA,69994173.84
"556",2003,548,NA,66020.24
"557",2003,553,NA,545610087.5
"558",2003,555,NA,1912.28
"559",2003,556,NA,300500
"560",2003,557,NA,376033717.94
"561",2003,558,NA,2713500
"562",2003,559,NA,60693
"563",2003,563,NA,22541589.03
"564",2003,567,NA,4819564.07
"565",2003,569,NA,1954017.63
"566",2003,575,NA,44185.58
"567",2003,577,NA,740423.28
"568",2003,578,NA,679.44
"569",2003,579,NA,2111538.45
"570",2003,580,NA,9495.66
"571",2003,583,NA,29000
"572",2003,586,NA,1642024852.84
"573",2003,587,NA,66359.66
"574",2003,588,NA,27463670.69
"575",2003,589,NA,812685983.53
"576",2003,590,NA,1787.34
"577",2003,591,NA,442.9
"578",2003,592,NA,2848567.84
"579",2003,593,NA,2284465727.9
"580",2003,601,NA,5888126.86
"581",2003,664,NA,5134.45
"582",2003,676,NA,96910.77
"583",2003,684,NA,39960657.22
"584",2003,691,NA,298808862.69
"585",2003,692,NA,4888721.94
"586",2003,693,NA,12127094
"587",2004,101,NA,151786.53
"588",2004,103,NA,2677522.2
"589",2004,105,NA,75
"590",2004,108,NA,5247.46
"591",2004,109,NA,49.78
"592",2004,112,NA,72.26
"593",2004,115,NA,9520.73
"594",2004,131,NA,40335644.93
"595",2004,167,NA,42362.95
"596",2004,201,NA,1343627.12
"597",2004,205,NA,215567.25
"598",2004,215,NA,80578
"599",2004,225,NA,26482.33
"600",2004,235,NA,18197.16
"601",2004,245,NA,14144
"602",2004,255,NA,20343.93
"603",2004,275,NA,209505453.18
"604",2004,290,NA,508316.4
"605",2004,295,NA,3134448.5
"606",2004,310,NA,102865.82
"607",2004,330,NA,27951.77
"608",2004,340,NA,25873830.98
"609",2004,350,NA,1943092891.42
"610",2004,360,NA,23138341755.2
"611",2004,370,NA,4279113431.44
"612",2004,402,NA,59675279.96
"613",2004,406,NA,36405795.03
"614",2004,416,NA,2088151048.74
"615",2004,418,NA,407296968.53
"616",2004,420,NA,398856846.33
"617",2004,422,NA,87153024.88
"618",2004,426,NA,97076020.27
"619",2004,427,NA,213962193.89
"620",2004,438,NA,13585169
"621",2004,442,NA,1722917.32
"622",2004,444,NA,1838710061.84
"623",2004,446,NA,468610399.47
"624",2004,452,NA,1654667.92
"625",2004,466,NA,14626589.47
"626",2004,473,NA,132.04
"627",2004,475,NA,28610370.03
"628",2004,478,NA,9017087647.84
"629",2004,482,NA,145836554.15
"630",2004,492,NA,27284671927.01
"631",2004,493,NA,39009841.8
"632",2004,494,NA,1214566564.91
"633",2004,497,NA,35137920.62
"634",2004,503,NA,610566.2
"635",2004,505,NA,43160556.25
"636",2004,507,NA,422322052.49
"637",2004,511,NA,47159426.77
"638",2004,524,NA,37280775.83
"639",2004,525,NA,1063657.54
"640",2004,527,NA,1796094.37
"641",2004,528,NA,10754674.96
"642",2004,531,NA,117001.4
"643",2004,532,NA,397692214.94
"644",2004,537,NA,130346.6
"645",2004,538,NA,156417.7
"646",2004,541,NA,1727230.97
"647",2004,542,NA,13.88
"648",2004,546,NA,63432290.57
"649",2004,548,NA,62928.59
"650",2004,553,NA,627902368.23
"651",2004,555,NA,74.4
"652",2004,556,NA,159760
"653",2004,557,NA,424598142.55
"654",2004,558,NA,2851515.43
"655",2004,559,NA,410021.53
"656",2004,560,NA,24398.09
"657",2004,563,NA,26323575.88
"658",2004,569,NA,1789907.07
"659",2004,575,NA,45353.81
"660",2004,577,NA,109.58
"661",2004,578,NA,1699.02
"662",2004,579,NA,1753
"663",2004,580,NA,7048.86
"664",2004,583,NA,66000
"665",2004,586,NA,1658644547.41
"666",2004,587,NA,45157658.77
"667",2004,588,NA,48640503.37
"668",2004,589,NA,2458276401.05
"669",2004,590,NA,2385.6
"670",2004,591,NA,268.89
"671",2004,592,NA,3652271.08
"672",2004,593,NA,6931004507.97
"673",2004,601,NA,38174341.97
"674",2004,636,NA,69.57
"675",2004,664,NA,4183.07
"676",2004,676,NA,34357.73
"677",2004,684,NA,27827525.67
"678",2004,691,NA,297952803.8
"679",2004,692,NA,5018255.99
"680",2004,693,NA,13449181.18
"681",2005,101,NA,134831.06
"682",2005,103,NA,2715344.66
"683",2005,108,NA,871.59
"684",2005,109,NA,48.93
"685",2005,110,NA,657.38
"686",2005,115,NA,5707.6
"687",2005,131,NA,13866717.18
"688",2005,167,NA,29485.66
"689",2005,201,NA,1268008.35
"690",2005,205,NA,222678.75
"691",2005,215,NA,160975.9
"692",2005,225,NA,24551.29
"693",2005,235,NA,16068.12
"694",2005,245,NA,12001
"695",2005,255,NA,17230.97
"696",2005,275,NA,64810596.3
"697",2005,285,NA,17.2
"698",2005,290,NA,575615.15
"699",2005,295,NA,3261972.02
"700",2005,310,NA,109507.78
"701",2005,330,NA,28016.98
"702",2005,340,NA,22126926.6
"703",2005,350,NA,2007808321.29
"704",2005,360,NA,23826455535.18
"705",2005,370,NA,3151394177.86
"706",2005,402,NA,63078618.63
"707",2005,406,NA,39777114.34
"708",2005,416,NA,2120891970.77
"709",2005,418,NA,434690928.3
"710",2005,420,NA,262331880.21
"711",2005,422,NA,86278223.65
"712",2005,426,NA,77059490.19
"713",2005,427,NA,207155578.53
"714",2005,440,NA,525917035.7
"715",2005,442,NA,1971217.77
"716",2005,444,NA,1836122711.8
"717",2005,452,NA,1449513.89
"718",2005,466,NA,16912788.52
"719",2005,478,NA,9353522005.28
"720",2005,482,NA,167973804.24
"721",2005,492,NA,28612300121.04
"722",2005,493,NA,53297746.12
"723",2005,494,NA,1126634075.39
"724",2005,497,NA,35514936.39
"725",2005,503,NA,685500.73
"726",2005,505,NA,3991.5
"727",2005,507,NA,399.99
"728",2005,509,NA,638.8
"729",2005,511,NA,49699452.81
"730",2005,517,NA,16.61
"731",2005,524,NA,86394179.95
"732",2005,525,NA,1238733.68
"733",2005,526,NA,75.85
"734",2005,527,NA,2036968.76
"735",2005,528,NA,7440155.68
"736",2005,532,NA,332764268.14
"737",2005,537,NA,73831.18
"738",2005,541,NA,2807508.59
"739",2005,542,NA,2993.96
"740",2005,546,NA,66933625.35
"741",2005,548,NA,62728.9
"742",2005,553,NA,744438731.5
"743",2005,555,NA,18000
"744",2005,557,NA,509565740.37
"745",2005,558,NA,2638000
"746",2005,559,NA,617836.72
"747",2005,560,NA,6254416.77
"748",2005,563,NA,36843077.5
"749",2005,569,NA,919644.92
"750",2005,578,NA,16679.91
"751",2005,580,NA,4710.15
"752",2005,583,NA,45182.73
"753",2005,586,NA,1755535683.88
"754",2005,587,NA,99723258.54
"755",2005,588,NA,98819743.61
"756",2005,589,NA,1362447366.04
"757",2005,590,NA,1328.25
"758",2005,591,NA,351.83
"759",2005,592,NA,4825660.32
"760",2005,593,NA,2900562620.91
"761",2005,601,NA,6434442.59
"762",2005,612,NA,750
"763",2005,664,NA,1682.5
"764",2005,676,NA,33271.54
"765",2005,684,NA,27657043.03
"766",2005,691,NA,299269156.23
"767",2005,692,NA,5044240.27
"768",2005,693,NA,15285279.36
"769",2006,101,NA,126791.86
"770",2006,103,NA,3494252.86
"771",2006,108,NA,33.6
"772",2006,112,NA,259.4
"773",2006,115,NA,4295
"774",2006,131,NA,15523390.39
"775",2006,167,NA,38871.2
"776",2006,201,NA,980949.94
"777",2006,205,NA,232900.25
"778",2006,215,NA,254958.84
"779",2006,225,NA,23882.82
"780",2006,235,NA,16328.62
"781",2006,245,NA,12412.25
"782",2006,255,NA,16197.67
"783",2006,275,NA,74666189.15
"784",2006,285,NA,17.2
"785",2006,290,NA,439484.31
"786",2006,295,NA,3306450.65
"787",2006,310,NA,130021.29
"788",2006,330,NA,32763.81
"789",2006,340,NA,31479313.52
"790",2006,350,NA,2036033439.24
"791",2006,360,NA,26404447112.78
"792",2006,370,NA,3925039660.8
"793",2006,402,NA,61193251.74
"794",2006,406,NA,40630545.97
"795",2006,416,NA,1323173503.88
"796",2006,418,NA,396812139.19
"797",2006,420,NA,278118320.49
"798",2006,422,NA,108004869.99
"799",2006,426,NA,81284461.01
"800",2006,427,NA,186594357.39
"801",2006,440,NA,512158793.55
"802",2006,442,NA,1387381.57
"803",2006,444,NA,1868864342.41
"804",2006,452,NA,2121051.31
"805",2006,466,NA,17241255.28
"806",2006,478,NA,10022229576.3
"807",2006,482,NA,157279643.41
"808",2006,492,NA,30644264709.2
"809",2006,493,NA,66828332.94
"810",2006,494,NA,1261458056.28
"811",2006,497,NA,34159588.71
"812",2006,503,NA,810318.85
"813",2006,505,NA,200
"814",2006,507,NA,1846.33
"815",2006,509,NA,1311.75
"816",2006,511,NA,50671559.57
"817",2006,524,NA,88172360.89
"818",2006,525,NA,1164628.39
"819",2006,526,NA,2129.6
"820",2006,527,NA,13832854.02
"821",2006,528,NA,8440778.97
"822",2006,532,NA,278637129.22
"823",2006,537,NA,68832.81
"824",2006,541,NA,5704751.45
"825",2006,542,NA,1499.46
"826",2006,546,NA,67289531.62
"827",2006,548,NA,64876.73
"828",2006,553,NA,838198476.58
"829",2006,555,NA,26443.98
"830",2006,557,NA,1223323097.16
"831",2006,558,NA,2407827.2
"832",2006,559,NA,115489.44
"833",2006,560,NA,4603516.99
"834",2006,563,NA,20037890.34
"835",2006,569,NA,1155186.36
"836",2006,578,NA,11250
"837",2006,580,NA,4772.51
"838",2006,583,NA,62426.31
"839",2006,586,NA,1751514830.83
"840",2006,587,NA,471452.24
"841",2006,588,NA,134101199.46
"842",2006,589,NA,1220888073.78
"843",2006,590,NA,3551.37
"844",2006,592,NA,5035049.29
"845",2006,593,NA,3284411917.96
"846",2006,601,NA,3582125.99
"847",2006,676,NA,60271.91
"848",2006,684,NA,26248643.65
"849",2006,691,NA,324248534.64
"850",2006,692,NA,4507565.15
"851",2006,693,NA,16315782.06
"852",2006,695,NA,7.6
"853",2007,101,NA,232403.15
"854",2007,103,NA,3387337.7
"855",2007,105,NA,450
"856",2007,109,NA,44.09
"857",2007,110,NA,54.7
"858",2007,112,NA,1194.84
"859",2007,115,NA,2860
"860",2007,131,NA,15052817.7
"861",2007,156,NA,337386.76
"862",2007,167,NA,31787.85
"863",2007,201,NA,973136.54
"864",2007,205,NA,227477.5
"865",2007,215,NA,229126.06
"866",2007,225,NA,25345.81
"867",2007,235,NA,15358
"868",2007,245,NA,11755
"869",2007,255,NA,17428.14
"870",2007,275,NA,71570453.24
"871",2007,290,NA,220251.27
"872",2007,295,NA,3366346.01
"873",2007,310,NA,95351.01
"874",2007,330,NA,279786.92
"875",2007,340,NA,27324572.03
"876",2007,350,NA,2034107743.56
"877",2007,360,NA,28966199001.85
"878",2007,370,NA,3247830240.95
"879",2007,402,NA,61259759.1
"880",2007,406,NA,51119858.37
"881",2007,416,NA,1394863181.96
"882",2007,418,NA,401030968
"883",2007,420,NA,251059749.44
"884",2007,422,NA,109727067.97
"885",2007,425,NA,6375106.38
"886",2007,426,NA,79186444.4
"887",2007,427,NA,173628535.96
"888",2007,440,NA,507975352.66
"889",2007,442,NA,2786534.77
"890",2007,444,NA,1862844072.88
"891",2007,452,NA,2717827.39
"892",2007,466,NA,17137712.8
"893",2007,478,NA,10849971342.48
"894",2007,482,NA,167670406.7
"895",2007,492,NA,32467682442.98
"896",2007,493,NA,59498517.06
"897",2007,494,NA,1297523773.9
"898",2007,497,NA,34745478.01
"899",2007,503,NA,997879.2
"900",2007,507,NA,161.05
"901",2007,509,NA,212.32
"902",2007,511,NA,45340731.03
"903",2007,517,NA,412.06
"904",2007,524,NA,94599829.48
"905",2007,525,NA,1070022.63
"906",2007,526,NA,15000
"907",2007,527,NA,1949514.53
"908",2007,528,NA,10588083.35
"909",2007,532,NA,377178973.04
"910",2007,537,NA,82139.25
"911",2007,541,NA,4895668.69
"912",2007,542,NA,377.31
"913",2007,546,NA,80740434.04
"914",2007,548,NA,44030.35
"915",2007,553,NA,888180105.44
"916",2007,555,NA,36361.17
"917",2007,557,NA,1493228079.13
"918",2007,558,NA,2340953.65
"919",2007,559,NA,2403762.41
"920",2007,560,NA,604695.8
"921",2007,563,NA,23462074.93
"922",2007,569,NA,309869.68
"923",2007,578,NA,366.96
"924",2007,580,NA,1609.83
"925",2007,586,NA,1835927680.94
"926",2007,587,NA,1061945.73
"927",2007,588,NA,155820951.27
"928",2007,589,NA,1263551628.26
"929",2007,590,NA,1311
"930",2007,592,NA,4591441.12
"931",2007,593,NA,3559063901.23
"932",2007,601,NA,3934493.98
"933",2007,664,NA,467.6
"934",2007,676,NA,38002.85
"935",2007,684,NA,25646767
"936",2007,691,NA,390114159.58
"937",2007,692,NA,3795474.75
"938",2007,693,NA,18633960.56
"939",2008,101,NA,85055.33
"940",2008,103,NA,4990130.53
"941",2008,105,NA,218.41
"942",2008,108,NA,2791.92
"943",2008,110,NA,4.56
"944",2008,112,NA,141.35
"945",2008,115,NA,7513.27
"946",2008,131,NA,15089879.14
"947",2008,156,NA,265.68
"948",2008,167,NA,32453.54
"949",2008,201,NA,1031557.48
"950",2008,205,NA,229515.5
"951",2008,215,NA,217598.25
"952",2008,225,NA,22630.26
"953",2008,235,NA,16262.1
"954",2008,245,NA,10224
"955",2008,255,NA,16009.74
"956",2008,275,NA,89031335.4
"957",2008,285,NA,34.4
"958",2008,290,NA,195015.4
"959",2008,295,NA,3085128.53
"960",2008,310,NA,115901.27
"961",2008,330,NA,377966.01
"962",2008,340,NA,53428186.17
"963",2008,350,NA,2080340092.94
"964",2008,360,NA,31136135701.36
"965",2008,370,NA,4282440555.89
"966",2008,402,NA,57801595.36
"967",2008,406,NA,47002825.03
"968",2008,416,NA,1479123337.07
"969",2008,418,NA,324950654.37
"970",2008,420,NA,247391752.05
"971",2008,422,NA,99769569.58
"972",2008,425,NA,8108385.18
"973",2008,426,NA,88779142.27
"974",2008,427,NA,193921398.44
"975",2008,440,NA,501461125.28
"976",2008,442,NA,1292567.05
"977",2008,444,NA,1914192502.38
"978",2008,452,NA,1184250.38
"979",2008,466,NA,19919164.23
"980",2008,478,NA,11896008941.77
"981",2008,482,NA,176449794.09
"982",2008,492,NA,33567993440.62
"983",2008,493,NA,55092933.53
"984",2008,494,NA,1504486323.14
"985",2008,497,NA,32652359.76
"986",2008,503,NA,1015320.47
"987",2008,507,NA,2115.53
"988",2008,509,NA,503.33
"989",2008,510,NA,375
"990",2008,511,NA,35704344.46
"991",2008,517,NA,76.95
"992",2008,524,NA,105844942.87
"993",2008,525,NA,1075028.08
"994",2008,526,NA,22540
"995",2008,527,NA,2079981.32
"996",2008,528,NA,1203033.82
"997",2008,532,NA,289872697.07
"998",2008,537,NA,101034.36
"999",2008,541,NA,4636074.87
"1000",2008,542,NA,43.68
"1001",2008,546,NA,78568702.86
"1002",2008,548,NA,4261.55
"1003",2008,553,NA,951724062.33
"1004",2008,555,NA,29085.39
"1005",2008,557,NA,1567689334.7
"1006",2008,558,NA,3187154.92
"1007",2008,559,NA,2956720.66
"1008",2008,560,NA,493750.18
"1009",2008,563,NA,27751223.59
"1010",2008,569,NA,508308.09
"1011",2008,578,NA,398.95
"1012",2008,580,NA,4989.69
"1013",2008,586,NA,1865390301.73
"1014",2008,587,NA,651654.56
"1015",2008,588,NA,138944465.34
"1016",2008,589,NA,1359326160.36
"1017",2008,590,NA,1342.02
"1018",2008,592,NA,7063202.34
"1019",2008,593,NA,3896144794.35
"1020",2008,601,NA,3582502.46
"1021",2008,676,NA,23920.46
"1022",2008,684,NA,25756020.83
"1023",2008,691,NA,438186481.32
"1024",2008,692,NA,5215592.05
"1025",2008,693,NA,19116703.35
"1026",2009,101,NA,34663.3
"1027",2009,103,NA,5022935.73
"1028",2009,108,NA,18
"1029",2009,110,NA,35.5
"1030",2009,112,NA,199
"1031",2009,115,NA,2575
"1032",2009,131,NA,17018238.98
"1033",2009,167,NA,31010.34
"1034",2009,201,NA,651997.98
"1035",2009,205,NA,233344.25
"1036",2009,215,NA,163389.35
"1037",2009,225,NA,25568.94
"1038",2009,235,NA,16186.28
"1039",2009,245,NA,11160.25
"1040",2009,255,NA,15538.79
"1041",2009,275,NA,85512385.18
"1042",2009,285,NA,661.79
"1043",2009,290,NA,149022.63
"1044",2009,295,NA,3076426.18
"1045",2009,310,NA,45458.3
"1046",2009,330,NA,457203.94
"1047",2009,340,NA,208417047.53
"1048",2009,350,NA,2038388465.34
"1049",2009,360,NA,32983688470.33
"1050",2009,370,NA,3906547131.46
"1051",2009,402,NA,61644472.42
"1052",2009,406,NA,46289201.26
"1053",2009,416,NA,1403742959.62
"1054",2009,418,NA,355264287.48
"1055",2009,420,NA,320651148.32
"1056",2009,422,NA,113329923.7
"1057",2009,425,NA,5992068.35
"1058",2009,426,NA,69944475.21
"1059",2009,427,NA,202255186.67
"1060",2009,440,NA,518196342.27
"1061",2009,442,NA,2838141.07
"1062",2009,444,NA,1912301889.64
"1063",2009,452,NA,3079145.2
"1064",2009,466,NA,22355111.73
"1065",2009,478,NA,12651740975.78
"1066",2009,482,NA,176390929.95
"1067",2009,492,NA,31906250204.69
"1068",2009,493,NA,49517791.41
"1069",2009,494,NA,1530183941.75
"1070",2009,497,NA,33756590.36
"1071",2009,503,NA,1480523.34
"1072",2009,507,NA,229.22
"1073",2009,509,NA,648.94
"1074",2009,511,NA,36811731.16
"1075",2009,517,NA,260.5
"1076",2009,524,NA,103914351.41
"1077",2009,525,NA,952198.03
"1078",2009,526,NA,171494
"1079",2009,527,NA,2311449.87
"1080",2009,528,NA,328494.94
"1081",2009,532,NA,321626999.65
"1082",2009,537,NA,72736.47
"1083",2009,541,NA,4518814.9
"1084",2009,542,NA,121.74
"1085",2009,546,NA,84319789.7
"1086",2009,548,NA,36652.91
"1087",2009,553,NA,965304834.05
"1088",2009,555,NA,18686.78
"1089",2009,557,NA,1448050883.13
"1090",2009,558,NA,3127638.92
"1091",2009,559,NA,6173095.07
"1092",2009,560,NA,622050.59
"1093",2009,562,NA,109.12
"1094",2009,563,NA,28892541.79
"1095",2009,569,NA,481456.94
"1096",2009,578,NA,549.86
"1097",2009,580,NA,4616.45
"1098",2009,586,NA,3254410898.9
"1099",2009,587,NA,3335653.12
"1100",2009,588,NA,179811608.82
"1101",2009,589,NA,1317932318.84
"1102",2009,590,NA,1437.2
"1103",2009,592,NA,6321549.7
"1104",2009,593,NA,4144218280.59
"1105",2009,601,NA,3515752.69
"1106",2009,676,NA,38469.41
"1107",2009,684,NA,24580677.12
"1108",2009,691,NA,390944777.04
"1109",2009,692,NA,4639576.84
"1110",2009,693,NA,19722846.18
"1111",2010,101,NA,64021.81
"1112",2010,103,NA,4697417.33
"1113",2010,105,NA,4282.37
"1114",2010,109,NA,200.64
"1115",2010,110,NA,48
"1116",2010,115,NA,2270
"1117",2010,131,NA,16588547.37
"1118",2010,167,NA,31541.13
"1119",2010,201,NA,658035.72
"1120",2010,205,NA,242246.75
"1121",2010,210,NA,14162.03
"1122",2010,215,NA,86369.66
"1123",2010,225,NA,24765.72
"1124",2010,235,NA,17125.45
"1125",2010,245,NA,12224.96
"1126",2010,255,NA,14897.09
"1127",2010,275,NA,91113895.21
"1128",2010,290,NA,186651.31
"1129",2010,295,NA,3459748.19
"1130",2010,310,NA,27605.1
"1131",2010,330,NA,97838.01
"1132",2010,340,NA,77360045.63
"1133",2010,350,NA,2096720924.76
"1134",2010,360,NA,34369743759.96
"1135",2010,370,NA,11100708999.17
"1136",2010,402,NA,68734283.5
"1137",2010,406,NA,47937567.36
"1138",2010,416,NA,1457935272.24
"1139",2010,418,NA,331955059.17
"1140",2010,420,NA,717708809.64
"1141",2010,422,NA,107697849.42
"1142",2010,425,NA,6399100.38
"1143",2010,426,NA,74656580.92
"1144",2010,427,NA,266713420.99
"1145",2010,440,NA,86877304.39
"1146",2010,442,NA,2264722.58
"1147",2010,444,NA,1986085351.59
"1148",2010,446,NA,423718782.53
"1149",2010,452,NA,3627459.63
"1150",2010,466,NA,21789797.36
"1151",2010,478,NA,13128801011.63
"1152",2010,482,NA,200143319.81
"1153",2010,492,NA,29132373383.1
"1154",2010,493,NA,52480575.85
"1155",2010,494,NA,2015916190.59
"1156",2010,497,NA,38355262.48
"1157",2010,503,NA,1701172.64
"1158",2010,507,NA,562343.6
"1159",2010,509,NA,2623.36
"1160",2010,511,NA,62451273.62
"1161",2010,517,NA,34.35
"1162",2010,524,NA,92228521.26
"1163",2010,525,NA,844198.38
"1164",2010,526,NA,146185
"1165",2010,527,NA,2481250.11
"1166",2010,528,NA,9251424.03
"1167",2010,532,NA,456688254.9
"1168",2010,537,NA,65754.08
"1169",2010,541,NA,8537361.95
"1170",2010,542,NA,782
"1171",2010,546,NA,45290763.66
"1172",2010,548,NA,33936.1
"1173",2010,553,NA,1018348502.49
"1174",2010,555,NA,3548.17
"1175",2010,557,NA,1201722638.32
"1176",2010,558,NA,2890263.51
"1177",2010,559,NA,5859482.7
"1178",2010,560,NA,1443389.05
"1179",2010,563,NA,26842873.06
"1180",2010,565,NA,526232371.79
"1181",2010,569,NA,362581.16
"1182",2010,578,NA,100
"1183",2010,579,NA,28447579.67
"1184",2010,580,NA,4940.44
"1185",2010,586,NA,3398121007.33
"1186",2010,587,NA,7631860.54
"1187",2010,588,NA,179867375.62
"1188",2010,589,NA,1260120894.84
"1189",2010,590,NA,983.09
"1190",2010,591,NA,874.6
"1191",2010,592,NA,6847232.41
"1192",2010,593,NA,4424453773.92
"1193",2010,601,NA,3763121.73
"1194",2010,608,NA,81350.03
"1195",2010,612,NA,1264163
"1196",2010,676,NA,15486.38
"1197",2010,684,NA,23426457.45
"1198",2010,691,NA,389396489.47
"1199",2010,692,NA,3330096.6
"1200",2010,693,NA,20502689.89
"1201",2011,101,NA,20224.05
"1202",2011,103,NA,5232316.37
"1203",2011,112,NA,135.3
"1204",2011,115,NA,3232.74
"1205",2011,131,NA,18073989.51
"1206",2011,167,NA,15128.54
"1207",2011,201,NA,973482.89
"1208",2011,205,NA,244192.3
"1209",2011,215,NA,87882.99
"1210",2011,225,NA,25365.89
"1211",2011,235,NA,14957.11
"1212",2011,245,NA,14583.99
"1213",2011,255,NA,16219.56
"1214",2011,275,NA,103391548.86
"1215",2011,285,NA,245.17
"1216",2011,290,NA,187529.52
"1217",2011,295,NA,4020962.69
"1218",2011,310,NA,6427.7
"1219",2011,330,NA,1664.4
"1220",2011,340,NA,83928546.88
"1221",2011,350,NA,2243583606.13
"1222",2011,360,NA,38076854601
"1223",2011,370,NA,8381812703.05
"1224",2011,402,NA,59798552.75
"1225",2011,406,NA,50262148.87
"1226",2011,416,NA,1544771622.69
"1227",2011,418,NA,266792476.9
"1228",2011,420,NA,779535467.61
"1229",2011,422,NA,131013363.84
"1230",2011,425,NA,6513710.1
"1231",2011,426,NA,71049581.55
"1232",2011,427,NA,248407229.15
"1233",2011,440,NA,81366767.17
"1234",2011,442,NA,1877781.33
"1235",2011,444,NA,2205937450.08
"1236",2011,445,NA,12749066.91
"1237",2011,446,NA,416824492.82
"1238",2011,452,NA,3784240.43
"1239",2011,466,NA,24395325.05
"1240",2011,478,NA,13996877048.16
"1241",2011,482,NA,189097092.26
"1242",2011,492,NA,33965404964.23
"1243",2011,493,NA,53099881.78
"1244",2011,494,NA,2067741749.34
"1245",2011,497,NA,42296612.61
"1246",2011,503,NA,1163468.5
"1247",2011,507,NA,62353695.79
"1248",2011,509,NA,657.3
"1249",2011,510,NA,146.8
"1250",2011,511,NA,54595806.01
"1251",2011,517,NA,20.2
"1252",2011,524,NA,110424209.63
"1253",2011,525,NA,659725.3
"1254",2011,526,NA,147821
"1255",2011,527,NA,2422738.61
"1256",2011,528,NA,5899805.83
"1257",2011,532,NA,590633693.64
"1258",2011,537,NA,75641
"1259",2011,541,NA,4331356.61
"1260",2011,542,NA,450.36
"1261",2011,546,NA,45033118.09
"1262",2011,548,NA,33
"1263",2011,553,NA,1114451332.6
"1264",2011,555,NA,46.44
"1265",2011,557,NA,743933476.61
"1266",2011,558,NA,2641113.7
"1267",2011,559,NA,92831460.66
"1268",2011,560,NA,1404513.41
"1269",2011,562,NA,10904.82
"1270",2011,563,NA,19431577.54
"1271",2011,565,NA,458407158.38
"1272",2011,569,NA,461524.66
"1273",2011,579,NA,26787561.44
"1274",2011,580,NA,1701.52
"1275",2011,586,NA,2528415195.02
"1276",2011,587,NA,8885795.69
"1277",2011,588,NA,196716729.14
"1278",2011,589,NA,1567537316.02
"1279",2011,590,NA,168.75
"1280",2011,592,NA,6589284.79
"1281",2011,593,NA,4809775204.25
"1282",2011,601,NA,39663759.45
"1283",2011,676,NA,19727.05
"1284",2011,684,NA,25424512.53
"1285",2011,691,NA,440076126.4
"1286",2011,692,NA,2454193.54
"1287",2011,693,NA,22248820.46
"1288",2012,101,NA,14629.31
"1289",2012,103,NA,5394229.57
"1290",2012,105,NA,831.65
"1291",2012,110,NA,36.01
"1292",2012,112,NA,439.32
"1293",2012,115,NA,1607.5
"1294",2012,131,NA,19056319.83
"1295",2012,156,NA,25
"1296",2012,167,NA,47922.22
"1297",2012,201,NA,1319910.16
"1298",2012,205,NA,248450.25
"1299",2012,210,NA,26462.93
"1300",2012,215,NA,82372
"1301",2012,225,NA,23850.83
"1302",2012,235,NA,16741.69
"1303",2012,245,NA,16918.13
"1304",2012,255,NA,11836.26
"1305",2012,275,NA,100907799.04
"1306",2012,285,NA,325
"1307",2012,290,NA,231477.07
"1308",2012,295,NA,4799422.43
"1309",2012,310,NA,720.33
"1310",2012,330,NA,3325.93
"1311",2012,340,NA,42664239.7
"1312",2012,350,NA,2251770754.63
"1313",2012,360,NA,38525735086.15
"1314",2012,370,NA,5034535528.31
"1315",2012,402,NA,53710024.03
"1316",2012,406,NA,53846230.31
"1317",2012,416,NA,1638398726.01
"1318",2012,418,NA,291303471.66
"1319",2012,420,NA,693977527.01
"1320",2012,422,NA,132027614.02
"1321",2012,425,NA,8245646.05
"1322",2012,426,NA,79131499.16
"1323",2012,427,NA,253844429.27
"1324",2012,440,NA,100095221.94
"1325",2012,442,NA,2817138.67
"1326",2012,444,NA,2039759288.32
"1327",2012,445,NA,1720159.59
"1328",2012,446,NA,452829241.52
"1329",2012,452,NA,6063068.91
"1330",2012,458,NA,1252381088.23
"1331",2012,466,NA,27135564.6
"1332",2012,478,NA,11987820248.45
"1333",2012,482,NA,187795350.33
"1334",2012,492,NA,38810714131.14
"1335",2012,493,NA,60584059.38
"1336",2012,494,NA,1980565372.82
"1337",2012,497,NA,50166735.9
"1338",2012,503,NA,1306433.9
"1339",2012,507,NA,63921784.65
"1340",2012,509,NA,711.76
"1341",2012,510,NA,537.84
"1342",2012,511,NA,39173262.48
"1343",2012,517,NA,454.8
"1344",2012,524,NA,106486781.94
"1345",2012,525,NA,634834.24
"1346",2012,526,NA,175645
"1347",2012,527,NA,2560565.01
"1348",2012,528,NA,2694153.5
"1349",2012,532,NA,390025619.93
"1350",2012,537,NA,74438.58
"1351",2012,541,NA,4615413.69
"1352",2012,542,NA,434.26
"1353",2012,546,NA,45556584.39
"1354",2012,548,NA,2903.94
"1355",2012,553,NA,1164581661.18
"1356",2012,555,NA,24854755.32
"1357",2012,557,NA,868219873.72
"1358",2012,558,NA,2292242.2
"1359",2012,559,NA,850655.15
"1360",2012,560,NA,1532341.29
"1361",2012,563,NA,7067393.88
"1362",2012,565,NA,610773386.54
"1363",2012,568,NA,1e+05
"1364",2012,569,NA,520385.46
"1365",2012,579,NA,3251405.92
"1366",2012,580,NA,29281
"1367",2012,586,NA,2283097723.59
"1368",2012,587,NA,1118211.51
"1369",2012,588,NA,173371494.05
"1370",2012,589,NA,1765381009.9
"1371",2012,591,NA,128.83
"1372",2012,592,NA,6768090.3
"1373",2012,593,NA,5108191282.95
"1374",2012,601,NA,78750359.32
"1375",2012,676,NA,30345.49
"1376",2012,684,NA,26297515.88
"1377",2012,691,NA,397025782.06
"1378",2012,692,NA,3014475.23
"1379",2012,693,NA,23439727.67
"1380",2013,101,NA,46360.46
"1381",2013,103,NA,5970897.77
"1382",2013,108,NA,15
"1383",2013,109,NA,111
"1384",2013,115,NA,1130
"1385",2013,131,NA,22279583.96
"1386",2013,167,NA,1967.65
"1387",2013,201,NA,2507225.99
"1388",2013,210,NA,2686.83
"1389",2013,275,NA,128666563.07
"1390",2013,290,NA,153356.55
"1391",2013,295,NA,3319877.91
"1392",2013,310,NA,1815.64
"1393",2013,330,NA,3332.93
"1394",2013,340,NA,130304995.78
"1395",2013,350,NA,2290826371.98
"1396",2013,360,NA,42807542117.64
"1397",2013,370,NA,3141595232.62
"1398",2013,402,NA,68869984.46
"1399",2013,406,NA,49412865.73
"1400",2013,416,NA,3177612742.78
"1401",2013,418,NA,368537666.92
"1402",2013,420,NA,628213613.05
"1403",2013,422,NA,119670921.9
"1404",2013,425,NA,10849932.48
"1405",2013,426,NA,74872035.63
"1406",2013,427,NA,242627167.21
"1407",2013,440,NA,86099301.88
"1408",2013,442,NA,2931775.9
"1409",2013,444,NA,2052361194.97
"1410",2013,445,NA,3597540.2
"1411",2013,446,NA,448531227.29
"1412",2013,452,NA,6990057
"1413",2013,458,NA,1581329019.93
"1414",2013,466,NA,25605177.62
"1415",2013,478,NA,12293566609.73
"1416",2013,482,NA,211179594.79
"1417",2013,492,NA,41082859552.63
"1418",2013,493,NA,58611521.22
"1419",2013,494,NA,1818751969.74
"1420",2013,497,NA,50129280.26
"1421",2013,503,NA,1043297.36
"1422",2013,507,NA,59199338.54
"1423",2013,509,NA,1199.17
"1424",2013,510,NA,24656.1
"1425",2013,511,NA,43561194.8
"1426",2013,524,NA,99689748.22
"1427",2013,525,NA,664181.5
"1428",2013,526,NA,176802.88
"1429",2013,527,NA,2592061.51
"1430",2013,528,NA,1605449.55
"1431",2013,531,NA,163604.39
"1432",2013,532,NA,498120836.65
"1433",2013,534,NA,1080
"1434",2013,537,NA,81862
"1435",2013,541,NA,4411143.07
"1436",2013,542,NA,111496.19
"1437",2013,546,NA,40392328.17
"1438",2013,553,NA,1249277163.99
"1439",2013,555,NA,697.09
"1440",2013,557,NA,1087634877.47
"1441",2013,558,NA,2240599.86
"1442",2013,559,NA,2575099.7
"1443",2013,560,NA,1389892.98
"1444",2013,563,NA,24506645.34
"1445",2013,565,NA,608060616.81
"1446",2013,568,NA,337995.33
"1447",2013,569,NA,435633.02
"1448",2013,578,NA,1359.88
"1449",2013,579,NA,1573173.5
"1450",2013,580,NA,7765.42
"1451",2013,586,NA,2117498526.59
"1452",2013,587,NA,1702767.2
"1453",2013,588,NA,203436333.1
"1454",2013,589,NA,1876511674.79
"1455",2013,590,NA,1266.09
"1456",2013,592,NA,6334395.39
"1457",2013,593,NA,5489214756.47
"1458",2013,601,NA,4545142.05
"1459",2013,612,NA,12032.91
"1460",2013,676,NA,3919.96
"1461",2013,684,NA,26371034.92
"1462",2013,691,NA,387358967.74
"1463",2013,692,NA,2875239.61
"1464",2013,693,NA,24055858.65
"1465",2013,695,NA,1350
"1466",2014,101,"GENERAL ASSEMBLY",24706.21
"1467",2014,103,"AUDITOR GENERAL",7391387.43
"1468",2014,108,"LEGISLATIVE INFORMATION SYSTEM",30
"1469",2014,115,"LEGISLATIVE REFERENCE BUREAU",7653.34
"1470",2014,131,"GENERAL ASSEMBLY RETIRE SYS",22499588.46
"1471",2014,156,"ARCHITECT OF THE CAPITOL",500
"1472",2014,167,"JOINT COMMITTEE ON ADMIN RULES",16007.4
"1473",2014,201,"SUPREME COURT",2123794.42
"1474",2014,210,"SUPREME COURT HISTORIC PRSRVTN",30007.48
"1475",2014,275,"JUDGES RETIREMENT SYSTEM",150378671.85
"1476",2014,285,"JUDICIAL INQUIRY BOARD",37.87
"1477",2014,290,"OFF OF THE STATE APPELLATE DEF",133389.05
"1478",2014,295,"STATE'S ATTYS APPELLATE PROSEC",3153034.72
"1479",2014,310,"GOVERNOR",90.35
"1480",2014,330,"LIEUTENANT GOVERNOR",4421.71
"1481",2014,340,"ATTORNEY GENERAL",148610999.84
"1482",2014,350,"SECRETARY OF STATE",2348362868.82
"1483",2014,360,"COMPTROLLER",48998021918.34
"1484",2014,370,"TREASURER",5382727103.54
"1485",2014,402,"AGING",54273637.56
"1486",2014,406,"AGRICULTURE",47301553.82
"1487",2014,416,"CENTRAL MANAGEMENT",3347078869.42
"1488",2014,418,"CHILDREN AND FAMILY SERVICES",377730083.02
"1489",2014,420,"COMMERCE AND ECONOMIC OPPORTUN",561251325.57
"1490",2014,422,"NATURAL RESOURCES",137409302.98
"1491",2014,425,"JUVENILE JUSTICE",4244711.94
"1492",2014,426,"CORRECTIONS",74910615.36
"1493",2014,427,"EMPLOYMENT SECURITY",244568153.35
"1494",2014,440,"FINANCIAL AND PROFESSIONAL REG",117185797.04
"1495",2014,442,"HUMAN RIGHTS",2671085.94
"1496",2014,444,"HUMAN SERVICES",2003254882.48
"1497",2014,445,"ILLINOIS POWER AGENCY",2143161
"1498",2014,446,"INSURANCE",471754844.68
"1499",2014,452,"LABOR",5405055.64
"1500",2014,458,"STATE LOTTERY",1535514500.31
"1501",2014,466,"MILITARY AFFAIRS",24209302.84
"1502",2014,478,"HEALTHCARE & FAMILY SERVICES",13317457824.81
"1503",2014,482,"PUBLIC HEALTH",244564124.71
"1504",2014,492,"REVENUE",41554342325.34
"1505",2014,493,"STATE POLICE",64189022.2
"1506",2014,494,"TRANSPORTATION",1895623783.58
"1507",2014,497,"VETERANS' AFFAIRS",54194489.24
"1508",2014,503,"IL ARTS COUNCIL",812495.46
"1509",2014,507,"GOVERNOR'S OFF OF MGT & BUDGET",63839548.38
"1510",2014,509,"OFFICE OF INSPECTOR GENERAL",885.79
"1511",2014,510,"EXECUTIVE ETHICS COMMISSION",83111
"1512",2014,511,"CAPITAL DEVELOPMENT BOARD",57802910.13
"1513",2014,524,"IL COMMERCE COMMISSION",143523016.62
"1514",2014,525,"DRYCLEANER COUNCIL",632687
"1515",2014,526,"DEAF & HARD OF HEARING COMM",172352
"1516",2014,527,"COMPREHNSIVE HLTH INSURANCE BD",2560131.8
"1517",2014,528,"COURT OF CLAIMS",4985753.08
"1518",2014,531,"ENVIRON PROTECT TRUST FUND COM",-162475
"1519",2014,532,"ENVIRONMENTAL PROTECT AGENCY",513546207.95
"1520",2014,534,"HEALTH INFO EXCHANGE AUTH",5279008
"1521",2014,537,"GUARDIAN & ADVOCACY COMM",175191.63
"1522",2014,541,"HISTORIC PRESERVATION AGENCY",4690388.71
"1523",2014,542,"COMMISSION ON HUMAN RIGHTS",58113.73
"1524",2014,546,"IL CRIMINAL JUSTICE INFO AUTH",40673177.91
"1525",2014,548,"IL EDUCAT LABOR RELATIONS BD",70.8
"1526",2014,553,"IL MUNICIPAL RETIREMENT FUND",1286016615.88
"1527",2014,555,"IL STATE BOARD OF INVESTMENTS",8057.44
"1528",2014,557,"IL STATE TOLL HIGHWAY AUTH",1386002080.74
"1529",2014,558,"COUNCIL ON DEVELOPMENTAL DISAB",2146700
"1530",2014,559,"IL VIOLENCE PREVENTION AUTH",2269316.45
"1531",2014,560,"IL FINANCE AUTHORITY",1573530.43
"1532",2014,563,"IL WORKERS' COMPENSATION COMMI",20655430.59
"1533",2014,564,"IL INDEPENDENT TAX TRIBUNAL",47500
"1534",2014,565,"ILLINOIS GAMING BOARD",670372796.9
"1535",2014,568,"STATE CHARTER SCHOOL COMM",669533.66
"1536",2014,569,"IL LAW ENFORCE TRAIN & STDS BD",412722.51
"1537",2014,578,"PRISONER REVIEW BOARD",889.16
"1538",2014,579,"RACING BOARD",2088433.29
"1539",2014,580,"PROPERTY TAX APPEAL BOARD",5404.85
"1540",2014,585,"SW IL DEVELOPMENT AUTHORITY",55000
"1541",2014,586,"STATE BOARD OF EDUCATION",2353204979.98
"1542",2014,587,"STATE BOARD OF ELECTIONS",1172494.34
"1543",2014,588,"IL EMERGENCY MANAGEMENT AGCY",163639183.28
"1544",2014,589,"STATE EMPLOYEES' RETIRE SYSTEM",2196253153.48
"1545",2014,590,"IL LABOR RELATIONS BOARD",1084.08
"1546",2014,592,"OFFICE OF THE STATE FIRE MARSH",6749945.96
"1547",2014,593,"TEACHERS' RETIREMENT SYSTEM",5813781319.71
"1548",2014,601,"BOARD OF HIGHER EDUCATION",94511697.06
"1549",2014,676,"UNIVERSITY OF ILLINOIS",4963.88
"1550",2014,684,"IL COMMUNITY COLLEGE BOARD",24496149.47
"1551",2014,691,"IL STUDENT ASSISTANCE COMM",384096093.23
"1552",2014,692,"IL MATH AND SCIENCE ACADEMY",3317870.45
"1553",2014,693,"STATE UNIV RETIREMENT SYS",22765220.58
"1554",2014,695,"STATE UNIV CIVIL SERV MERIT BD",1350
"1555",2014,899,"SAMS ADMINISTRATIVE AGENCY",152676.39
"1556",2015,101,"GENERAL ASSEMBLY",27426.31
"1557",2015,103,"AUDITOR GENERAL",7633637.1
"1558",2015,105,"COMM GOVT FRCSTING & ACCNTBLTY",1046.93
"1559",2015,108,"LEGISLATIVE INFORMATION SYSTEM",497.93
"1560",2015,110,"IL LEGISLATIVE PRINTING UNIT",1219.52
"1561",2015,112,"IL LEGISLATIVE RESEARCH UNIT",239.66
"1562",2015,115,"LEGISLATIVE REFERENCE BUREAU",1468.95
"1563",2015,131,"GENERAL ASSEMBLY RETIRE SYS",22764705.38
"1564",2015,156,"ARCHITECT OF THE CAPITOL",943.53
"1565",2015,167,"JOINT COMMITTEE ON ADMIN RULES",32235.8
"1566",2015,201,"SUPREME COURT",1455271.13
"1567",2015,210,"SUPREME COURT HISTORIC PRSRVTN",39660.86
"1568",2015,275,"JUDGES RETIREMENT SYSTEM",149779093.25
"1569",2015,285,"JUDICIAL INQUIRY BOARD",14.99
"1570",2015,290,"OFF OF THE STATE APPELLATE DEF",153827.62
"1571",2015,295,"STATE'S ATTYS APPELLATE PROSEC",3628760.96
"1572",2015,310,"GOVERNOR",19743.8
"1573",2015,330,"LIEUTENANT GOVERNOR",1257.84
"1574",2015,340,"ATTORNEY GENERAL",168635942.64
"1575",2015,350,"SECRETARY OF STATE",2421056260.53
"1576",2015,360,"COMPTROLLER",56738661284.04
"1577",2015,370,"TREASURER",1298270702.21
"1578",2015,402,"AGING",67131687.05
"1579",2015,406,"AGRICULTURE",58471551.34
"1580",2015,416,"CENTRAL MANAGEMENT",3411769566.17
"1581",2015,418,"CHILDREN AND FAMILY SERVICES",381934696.12
"1582",2015,420,"COMMERCE AND ECONOMIC OPPORTUN",540231522.05
"1583",2015,422,"NATURAL RESOURCES",142189479.85
"1584",2015,425,"JUVENILE JUSTICE",4647256.32
"1585",2015,426,"CORRECTIONS",81354265.35
"1586",2015,427,"EMPLOYMENT SECURITY",199477341.11
"1587",2015,440,"FINANCIAL AND PROFESSIONAL REG",96112416.83
"1588",2015,442,"HUMAN RIGHTS",2974717.45
"1589",2015,444,"HUMAN SERVICES",2036858557.34
"1590",2015,445,"ILLINOIS POWER AGENCY",2276004.82
"1591",2015,446,"INSURANCE",514480305.3
"1592",2015,452,"LABOR",4256954
"1593",2015,458,"STATE LOTTERY",1636942374.94
"1594",2015,466,"MILITARY AFFAIRS",23821548.04
"1595",2015,478,"HEALTHCARE & FAMILY SERVICES",15109264531.15
"1596",2015,482,"PUBLIC HEALTH",260528185.22
"1597",2015,492,"REVENUE",41193719658.19
"1598",2015,493,"STATE POLICE",67276194.77
"1599",2015,494,"TRANSPORTATION",2252776306.01
"1600",2015,497,"VETERANS' AFFAIRS",56627325.34
"1601",2015,503,"IL ARTS COUNCIL",903109.71
"1602",2015,507,"GOVERNOR'S OFF OF MGT & BUDGET",58249557.84
"1603",2015,509,"OFFICE OF INSPECTOR GENERAL",482.28
"1604",2015,510,"EXECUTIVE ETHICS COMMISSION",98524.75
"1605",2015,511,"CAPITAL DEVELOPMENT BOARD",50770663.17
"1606",2015,524,"IL COMMERCE COMMISSION",172891405.52
"1607",2015,525,"DRYCLEANER COUNCIL",569666.68
"1608",2015,526,"DEAF & HARD OF HEARING COMM",212256
"1609",2015,527,"COMPREHNSIVE HLTH INSURANCE BD",1967260.1
"1610",2015,528,"COURT OF CLAIMS",4292123.26
"1611",2015,532,"ENVIRONMENTAL PROTECT AGENCY",529347096.36
"1612",2015,534,"HEALTH INFO EXCHANGE AUTH",1021053.2
"1613",2015,537,"GUARDIAN & ADVOCACY COMM",125699.31
"1614",2015,541,"HISTORIC PRESERVATION AGENCY",4291558.22
"1615",2015,542,"COMMISSION ON HUMAN RIGHTS",108.06
"1616",2015,546,"IL CRIMINAL JUSTICE INFO AUTH",48784819.65
"1617",2015,548,"IL EDUCAT LABOR RELATIONS BD",36.5
"1618",2015,553,"IL MUNICIPAL RETIREMENT FUND",1269576106.77
"1619",2015,555,"IL STATE BOARD OF INVESTMENTS",3442.49
"1620",2015,557,"IL STATE TOLL HIGHWAY AUTH",2058794086.02
"1621",2015,558,"COUNCIL ON DEVELOPMENTAL DISAB",2402714.11
"1622",2015,559,"IL VIOLENCE PREVENTION AUTH",620342.53
"1623",2015,560,"IL FINANCE AUTHORITY",1599055.41
"1624",2015,563,"IL WORKERS' COMPENSATION COMMI",11622442.58
"1625",2015,564,"IL INDEPENDENT TAX TRIBUNAL",128500
"1626",2015,565,"ILLINOIS GAMING BOARD",755215774.94
"1627",2015,568,"STATE CHARTER SCHOOL COMM",521515.8
"1628",2015,569,"IL LAW ENFORCE TRAIN & STDS BD",224945.33
"1629",2015,579,"RACING BOARD",2327963.55
"1630",2015,580,"PROPERTY TAX APPEAL BOARD",4221.23
"1631",2015,586,"STATE BOARD OF EDUCATION",2178732658.54
"1632",2015,587,"STATE BOARD OF ELECTIONS",760505.32
"1633",2015,588,"IL EMERGENCY MANAGEMENT AGCY",172321695.39
"1634",2015,589,"STATE EMPLOYEES' RETIRE SYSTEM",2067429148.66
"1635",2015,590,"IL LABOR RELATIONS BOARD",185.83
"1636",2015,591,"STATE POLICE MERIT BOARD",66791.55
"1637",2015,592,"OFFICE OF THE STATE FIRE MARSH",15016940.86
"1638",2015,593,"TEACHERS' RETIREMENT SYSTEM",6118972037.12
"1639",2015,601,"BOARD OF HIGHER EDUCATION",103908132.37
"1640",2015,608,"CHICAGO STATE UNIVERSITY",3e+06
"1641",2015,676,"UNIVERSITY OF ILLINOIS",449.37
"1642",2015,684,"IL COMMUNITY COLLEGE BOARD",26704527.09
"1643",2015,691,"IL STUDENT ASSISTANCE COMM",355178851.54
"1644",2015,692,"IL MATH AND SCIENCE ACADEMY",3715369.99
"1645",2015,693,"STATE UNIV RETIREMENT SYS",20810974.26
"1646",2015,695,"STATE UNIV CIVIL SERV MERIT BD",1650
"1647",2016,101,"GENERAL ASSEMBLY",19303.64
"1648",2016,103,"AUDITOR GENERAL",4696784.92
"1649",2016,108,"LEGISLATIVE INFORMATION SYSTEM",4322.22
"1650",2016,112,"IL LEGISLATIVE RESEARCH UNIT",264.4
"1651",2016,115,"LEGISLATIVE REFERENCE BUREAU",694.8
"1652",2016,131,"GENERAL ASSEMBLY RETIRE SYS",23118653.64
"1653",2016,167,"JOINT COMMITTEE ON ADMIN RULES",16368.24
"1654",2016,201,"SUPREME COURT",1564949.66
"1655",2016,210,"SUPREME COURT HISTORIC PRSRVTN",1031.26
"1656",2016,275,"JUDGES RETIREMENT SYSTEM",157287875.85
"1657",2016,285,"JUDICIAL INQUIRY BOARD",1449.41
"1658",2016,290,"OFF OF THE STATE APPELLATE DEF",163914.76
"1659",2016,295,"STATE'S ATTYS APPELLATE PROSEC",3548581.77
"1660",2016,310,"GOVERNOR",4287.9
"1661",2016,340,"ATTORNEY GENERAL",45283408.52
"1662",2016,350,"SECRETARY OF STATE",2459466195.18
"1663",2016,360,"COMPTROLLER",54328529376.18
"1664",2016,370,"TREASURER",2235107654.82
"1665",2016,402,"AGING",61438949.79
"1666",2016,406,"AGRICULTURE",38520893.87
"1667",2016,416,"CENTRAL MANAGEMENT",1351570310.41
"1668",2016,418,"CHILDREN AND FAMILY SERVICES",403185968
"1669",2016,420,"COMMERCE AND ECONOMIC OPPORTUN",401855451.6
"1670",2016,422,"NATURAL RESOURCES",112209980.54
"1671",2016,425,"JUVENILE JUSTICE",3594094.29
"1672",2016,426,"CORRECTIONS",43540573.27
"1673",2016,427,"EMPLOYMENT SECURITY",196038804.36
"1674",2016,440,"FINANCIAL AND PROFESSIONAL REG",100763538.37
"1675",2016,442,"HUMAN RIGHTS",3499804.47
"1676",2016,444,"HUMAN SERVICES",1848807482.73
"1677",2016,445,"ILLINOIS POWER AGENCY",4652574
"1678",2016,446,"INSURANCE",532269277.95
"1679",2016,452,"LABOR",5619606.85
"1680",2016,458,"STATE LOTTERY",1344871691.5
"1681",2016,466,"MILITARY AFFAIRS",22367771.63
"1682",2016,478,"HEALTHCARE & FAMILY SERVICES",15472475001.77
"1683",2016,482,"PUBLIC HEALTH",266277897.58
"1684",2016,492,"REVENUE",38269996427.26
"1685",2016,493,"STATE POLICE",109714146.71
"1686",2016,494,"TRANSPORTATION",2046928420.97
"1687",2016,497,"VETERANS' AFFAIRS",55320049.42
"1688",2016,503,"IL ARTS COUNCIL",903600.47
"1689",2016,507,"GOVERNOR'S OFF OF MGT & BUDGET",57009351.63
"1690",2016,509,"OFFICE OF INSPECTOR GENERAL",41
"1691",2016,510,"EXECUTIVE ETHICS COMMISSION",13559.49
"1692",2016,511,"CAPITAL DEVELOPMENT BOARD",70648531.79
"1693",2016,517,"CIVIL SERVICE COMMISSION",25
"1694",2016,524,"IL COMMERCE COMMISSION",152116530.09
"1695",2016,525,"DRYCLEANER COUNCIL",589898
"1696",2016,526,"DEAF & HARD OF HEARING COMM",197972
"1697",2016,527,"COMPREHNSIVE HLTH INSURANCE BD",1440693.44
"1698",2016,528,"COURT OF CLAIMS",7086354.7
"1699",2016,532,"ENVIRONMENTAL PROTECT AGENCY",495322215.48
"1700",2016,534,"HEALTH INFO EXCHANGE AUTH",459515.5
"1701",2016,537,"GUARDIAN & ADVOCACY COMM",100339.88
"1702",2016,541,"HISTORIC PRESERVATION AGENCY",4124964.62
"1703",2016,542,"COMMISSION ON HUMAN RIGHTS",970.7
"1704",2016,546,"IL CRIMINAL JUSTICE INFO AUTH",39497746.99
"1705",2016,548,"IL EDUCAT LABOR RELATIONS BD",50
"1706",2016,555,"IL STATE BOARD OF INVESTMENTS",341.14
"1707",2016,557,"IL STATE TOLL HIGHWAY AUTH",2372176163.89
"1708",2016,558,"COUNCIL ON DEVELOPMENTAL DISAB",2699475.53
"1709",2016,559,"IL VIOLENCE PREVENTION AUTH",78657.35
"1710",2016,560,"IL FINANCE AUTHORITY",1478122.07
"1711",2016,562,"PROCUREMENT POLICY BOARD",75
"1712",2016,563,"IL WORKERS' COMPENSATION COMMI",16533249.48
"1713",2016,564,"IL INDEPENDENT TAX TRIBUNAL",132000
"1714",2016,565,"ILLINOIS GAMING BOARD",798416213.06
"1715",2016,568,"STATE CHARTER SCHOOL COMM",669935.19
"1716",2016,569,"IL LAW ENFORCE TRAIN & STDS BD",703861.56
"1717",2016,579,"RACING BOARD",2290058.45
"1718",2016,580,"PROPERTY TAX APPEAL BOARD",3528.2
"1719",2016,586,"STATE BOARD OF EDUCATION",2303149535.79
"1720",2016,587,"STATE BOARD OF ELECTIONS",422423.36
"1721",2016,588,"IL EMERGENCY MANAGEMENT AGCY",149993708.39
"1722",2016,589,"STATE EMPLOYEES' RETIRE SYSTEM",2391320809.77
"1723",2016,591,"STATE POLICE MERIT BOARD",285
"1724",2016,592,"OFFICE OF THE STATE FIRE MARSH",6683725.31
"1725",2016,593,"TEACHERS' RETIREMENT SYSTEM",6414498542.65
"1726",2016,601,"BOARD OF HIGHER EDUCATION",4542486.45
"1727",2016,684,"IL COMMUNITY COLLEGE BOARD",24190348.85
"1728",2016,691,"IL STUDENT ASSISTANCE COMM",348826202.38
"1729",2016,692,"IL MATH AND SCIENCE ACADEMY",3224938.36
"1730",2016,693,"STATE UNIV RETIREMENT SYS",21254863.35
"1731",2016,695,"STATE UNIV CIVIL SERV MERIT BD",490.98
"1732",2017,101,"GENERAL ASSEMBLY",13102.99
"1733",2017,103,"AUDITOR GENERAL",8401145.48
"1734",2017,108,"LEGISLATIVE INFORMATION SYSTEM",1008.05
"1735",2017,110,"IL LEGISLATIVE PRINTING UNIT",600
"1736",2017,112,"IL LEGISLATIVE RESEARCH UNIT",1464
"1737",2017,115,"LEGISLATIVE REFERENCE BUREAU",440
"1738",2017,131,"GENERAL ASSEMBLY RETIRE SYS",25849520.99
"1739",2017,156,"ARCHITECT OF THE CAPITOL",75
"1740",2017,167,"JOINT COMMITTEE ON ADMIN RULES",32000
"1741",2017,201,"SUPREME COURT",1717689.26
"1742",2017,210,"SUPREME COURT HISTORIC PRSRVTN",364.64
"1743",2017,275,"JUDGES RETIREMENT SYSTEM",146350010.24
"1744",2017,285,"JUDICIAL INQUIRY BOARD",25.15
"1745",2017,290,"OFF OF THE STATE APPELLATE DEF",69553.77
"1746",2017,295,"STATE'S ATTYS APPELLATE PROSEC",3855608.16
"1747",2017,310,"GOVERNOR",73021
"1748",2017,340,"ATTORNEY GENERAL",60436999.72
"1749",2017,350,"SECRETARY OF STATE",2471696258.69
"1750",2017,360,"COMPTROLLER",54270889369.04
"1751",2017,370,"TREASURER",3716489561.27
"1752",2017,402,"AGING",59042609.5
"1753",2017,406,"AGRICULTURE",42108793.65
"1754",2017,416,"CENTRAL MANAGEMENT",1636364668.04
"1755",2017,418,"CHILDREN AND FAMILY SERVICES",365575142.86
"1756",2017,420,"COMMERCE AND ECONOMIC OPPORTUN",497051147.77
"1757",2017,422,"NATURAL RESOURCES",107151355.85
"1758",2017,425,"JUVENILE JUSTICE",3133749.23
"1759",2017,426,"CORRECTIONS",80943665.69
"1760",2017,427,"EMPLOYMENT SECURITY",178446800.73
"1761",2017,440,"FINANCIAL AND PROFESSIONAL REG",95669124.02
"1762",2017,442,"HUMAN RIGHTS",1622007.11
"1763",2017,444,"HUMAN SERVICES",1832965013.02
"1764",2017,445,"ILLINOIS POWER AGENCY",1635572.68
"1765",2017,446,"INSURANCE",525959600.23
"1766",2017,448,"INNOVATION AND TECHNOLOGY",328010057.61
"1767",2017,452,"LABOR",4216717.23
"1768",2017,458,"STATE LOTTERY",1387690642.42
"1769",2017,466,"MILITARY AFFAIRS",26570478.42
"1770",2017,478,"HEALTHCARE & FAMILY SERVICES",15033523705.98
"1771",2017,482,"PUBLIC HEALTH",233128310.89
"1772",2017,492,"REVENUE",38237905017.21
"1773",2017,493,"STATE POLICE",178282101.94
"1774",2017,494,"TRANSPORTATION",2307764642.66
"1775",2017,497,"VETERANS' AFFAIRS",56231142.52
"1776",2017,503,"IL ARTS COUNCIL",905486.76
"1777",2017,507,"GOVERNOR'S OFF OF MGT & BUDGET",58182402.5
"1778",2017,509,"OFFICE OF INSPECTOR GENERAL",83.48
"1779",2017,510,"EXECUTIVE ETHICS COMMISSION",5786.14
"1780",2017,511,"CAPITAL DEVELOPMENT BOARD",57032536.13
"1781",2017,517,"CIVIL SERVICE COMMISSION",275
"1782",2017,524,"IL COMMERCE COMMISSION",113908555.66
"1783",2017,525,"DRYCLEANER COUNCIL",504722.26
"1784",2017,526,"DEAF & HARD OF HEARING COMM",160401
"1785",2017,527,"COMPREHNSIVE HLTH INSURANCE BD",1012455.11
"1786",2017,528,"COURT OF CLAIMS",6480728.14
"1787",2017,531,"ENVIRON PROTECT TRUST FUND COM",-5025
"1788",2017,532,"ENVIRONMENTAL PROTECT AGENCY",997467657.02
"1789",2017,534,"HEALTH INFO EXCHANGE AUTH",2032591.53
"1790",2017,537,"GUARDIAN & ADVOCACY COMM",100674.84
"1791",2017,541,"HISTORIC PRESERVATION AGENCY",3699698.24
"1792",2017,542,"COMMISSION ON HUMAN RIGHTS",51.36
"1793",2017,546,"IL CRIMINAL JUSTICE INFO AUTH",43175579.66
"1794",2017,555,"IL STATE BOARD OF INVESTMENTS",23534.13
"1795",2017,557,"IL STATE TOLL HIGHWAY AUTH",1639557357.08
"1796",2017,558,"COUNCIL ON DEVELOPMENTAL DISAB",2288812.9
"1797",2017,559,"IL VIOLENCE PREVENTION AUTH",193049.31
"1798",2017,560,"IL FINANCE AUTHORITY",2047424.91
"1799",2017,562,"PROCUREMENT POLICY BOARD",152.32
"1800",2017,563,"IL WORKERS' COMPENSATION COMMI",21645051.8
"1801",2017,564,"IL INDEPENDENT TAX TRIBUNAL",90303.5
"1802",2017,565,"ILLINOIS GAMING BOARD",845446233.13
"1803",2017,568,"STATE CHARTER SCHOOL COMM",1009947.72
"1804",2017,569,"IL LAW ENFORCE TRAIN & STDS BD",278846.06
"1805",2017,579,"RACING BOARD",2200951.41
"1806",2017,580,"PROPERTY TAX APPEAL BOARD",1111.7
"1807",2017,586,"STATE BOARD OF EDUCATION",2329373092.51
"1808",2017,587,"STATE BOARD OF ELECTIONS",894270.24
"1809",2017,588,"IL EMERGENCY MANAGEMENT AGCY",138017619.31
"1810",2017,589,"STATE EMPLOYEES' RETIRE SYSTEM",2483240518.92
"1811",2017,591,"STATE POLICE MERIT BOARD",460
"1812",2017,592,"OFFICE OF THE STATE FIRE MARSH",6456653.02
"1813",2017,593,"TEACHERS' RETIREMENT SYSTEM",6885882791.79
"1814",2017,601,"BOARD OF HIGHER EDUCATION",4175048.99
"1815",2017,676,"UNIVERSITY OF ILLINOIS",1094.79
"1816",2017,684,"IL COMMUNITY COLLEGE BOARD",26889050.85
"1817",2017,691,"IL STUDENT ASSISTANCE COMM",347593643.51
"1818",2017,692,"IL MATH AND SCIENCE ACADEMY",5005431.86
"1819",2017,693,"STATE UNIV RETIREMENT SYS",20976696.51
"1820",2017,799,"STATUTORY TRANSFERS",17657770271.42
"1821",2018,101,"GENERAL ASSEMBLY",18704.66
"1822",2018,103,"AUDITOR GENERAL",6175327.5
"1823",2018,108,"LEGISLATIVE INFORMATION SYSTEM",19.5
"1824",2018,109,"LEGISLATIVE AUDIT COMMISSION",30.28
"1825",2018,112,"IL LEGISLATIVE RESEARCH UNIT",15.8
"1826",2018,115,"LEGISLATIVE REFERENCE BUREAU",67.5
"1827",2018,131,"GENERAL ASSEMBLY RETIRE SYS",22417208.86
"1828",2018,156,"ARCHITECT OF THE CAPITOL",126.33
"1829",2018,167,"JOINT COMMITTEE ON ADMIN RULES",16014.8
"1830",2018,201,"SUPREME COURT",1538195.82
"1831",2018,210,"SUPREME COURT HISTORIC PRSRVTN",671546.32
"1832",2018,275,"JUDGES RETIREMENT SYSTEM",153009216.54
"1833",2018,285,"JUDICIAL INQUIRY BOARD",111
"1834",2018,290,"OFF OF THE STATE APPELLATE DEF",60444.9
"1835",2018,295,"STATE'S ATTYS APPELLATE PROSEC",3811115.54
"1836",2018,310,"GOVERNOR",18.51
"1837",2018,340,"ATTORNEY GENERAL",74383413.12
"1838",2018,350,"SECRETARY OF STATE",2431485902.7
"1839",2018,360,"COMPTROLLER",68023793585.97
"1840",2018,370,"TREASURER",9462096645
"1841",2018,402,"AGING",58830010.11
"1842",2018,406,"AGRICULTURE",51036572.83
"1843",2018,416,"CENTRAL MANAGEMENT",3345173852.37
"1844",2018,418,"CHILDREN AND FAMILY SERVICES",343611572.66
"1845",2018,420,"COMMERCE AND ECONOMIC OPPORTUN",421467460.37
"1846",2018,422,"NATURAL RESOURCES",135112249.39
"1847",2018,425,"JUVENILE JUSTICE",2709211.04
"1848",2018,426,"CORRECTIONS",74533028.47
"1849",2018,427,"EMPLOYMENT SECURITY",198131705.38
"1850",2018,440,"FINANCIAL AND PROFESSIONAL REG",111472491.46
"1851",2018,442,"HUMAN RIGHTS",2574594.15
"1852",2018,444,"HUMAN SERVICES",1891319730.63
"1853",2018,445,"ILLINOIS POWER AGENCY",5544444.87
"1854",2018,446,"INSURANCE",552280169.81
"1855",2018,448,"INNOVATION AND TECHNOLOGY",218177917.9
"1856",2018,452,"LABOR",3115739.09
"1857",2018,458,"STATE LOTTERY",1543295127.85
"1858",2018,466,"MILITARY AFFAIRS",27721609.73
"1859",2018,478,"HEALTHCARE & FAMILY SERVICES",19015559982.03
"1860",2018,482,"PUBLIC HEALTH",254488066.76
"1861",2018,492,"REVENUE",45062995771.18
"1862",2018,493,"STATE POLICE",205865013.03
"1863",2018,494,"TRANSPORTATION",1760453280.3
"1864",2018,497,"VETERANS' AFFAIRS",55016209.02
"1865",2018,503,"IL ARTS COUNCIL",871472.13
"1866",2018,506,"ABE LINCOLN PRES LIBRARY & MUS",2011225.3
"1867",2018,507,"GOVERNOR'S OFF OF MGT & BUDGET",52025779.19
"1868",2018,509,"OFFICE OF INSPECTOR GENERAL",51.6
"1869",2018,510,"EXECUTIVE ETHICS COMMISSION",50240.91
"1870",2018,511,"CAPITAL DEVELOPMENT BOARD",18478794.24
"1871",2018,524,"IL COMMERCE COMMISSION",26358325.21
"1872",2018,525,"DRYCLEANER COUNCIL",465672.94
"1873",2018,526,"DEAF & HARD OF HEARING COMM",240147
"1874",2018,527,"COMPREHNSIVE HLTH INSURANCE BD",435998.19
"1875",2018,528,"COURT OF CLAIMS",775716.37
"1876",2018,532,"ENVIRONMENTAL PROTECT AGENCY",946661749.98
"1877",2018,534,"HEALTH INFO EXCHANGE AUTH",248480
"1878",2018,537,"GUARDIAN & ADVOCACY COMM",188613.73
"1879",2018,541,"HISTORIC PRESERVATION AGENCY",9214.51
"1880",2018,542,"COMMISSION ON HUMAN RIGHTS",157.8
"1881",2018,546,"IL CRIMINAL JUSTICE INFO AUTH",49686406.59
"1882",2018,548,"IL EDUCAT LABOR RELATIONS BD",332.5
"1883",2018,555,"IL STATE BOARD OF INVESTMENTS",12353.85
"1884",2018,557,"IL STATE TOLL HIGHWAY AUTH",1811777070.83
"1885",2018,558,"COUNCIL ON DEVELOPMENTAL DISAB",2647137.93
"1886",2018,559,"IL VIOLENCE PREVENTION AUTH",146991.96
"1887",2018,560,"IL FINANCE AUTHORITY",2273914.57
"1888",2018,563,"IL WORKERS' COMPENSATION COMMI",19897326.77
"1889",2018,564,"IL INDEPENDENT TAX TRIBUNAL",70000
"1890",2018,565,"ILLINOIS GAMING BOARD",899941497.2
"1891",2018,568,"STATE CHARTER SCHOOL COMM",982931.29
"1892",2018,569,"IL LAW ENFORCE TRAIN & STDS BD",45136.6
"1893",2018,579,"RACING BOARD",2656811.68
"1894",2018,580,"PROPERTY TAX APPEAL BOARD",283.55
"1895",2018,586,"STATE BOARD OF EDUCATION",2197914497.42
"1896",2018,587,"STATE BOARD OF ELECTIONS",13472388.32
"1897",2018,588,"IL EMERGENCY MANAGEMENT AGCY",125041403.49
"1898",2018,589,"STATE EMPLOYEES' RETIRE SYSTEM",2714828410.94
"1899",2018,590,"IL LABOR RELATIONS BOARD",17.2
"1900",2018,591,"STATE POLICE MERIT BOARD",90
"1901",2018,592,"OFFICE OF THE STATE FIRE MARSH",6313344.36
"1902",2018,593,"TEACHERS' RETIREMENT SYSTEM",7100340351.88
"1903",2018,601,"BOARD OF HIGHER EDUCATION",3682742.49
"1904",2018,616,"GOVERNORS STATE UNIVERSITY",9565.14
"1905",2018,620,"NORTHEASTERN IL UNIVERSITY",58094.35
"1906",2018,628,"WESTERN IL UNIVERSITY",20000
"1907",2018,636,"ILLINOIS STATE UNIVERSITY",36475.23
"1908",2018,664,"SOUTHERN IL UNIVERSITY",36648.14
"1909",2018,676,"UNIVERSITY OF ILLINOIS",548360.29
"1910",2018,684,"IL COMMUNITY COLLEGE BOARD",24847585.97
"1911",2018,691,"IL STUDENT ASSISTANCE COMM",317638720.23
"1912",2018,692,"IL MATH AND SCIENCE ACADEMY",4559318.45
"1913",2018,693,"STATE UNIV RETIREMENT SYS",22147562.02
"1914",2018,799,"STATUTORY TRANSFERS",24043721794.41
"1915",2019,101,"GENERAL ASSEMBLY",9055.89
"1916",2019,103,"AUDITOR GENERAL",6252401.99
"1917",2019,105,"COMM GOVT FRCSTING & ACCNTBLTY",5210.94
"1918",2019,110,"IL LEGISLATIVE PRINTING UNIT",51.86
"1919",2019,115,"LEGISLATIVE REFERENCE BUREAU",270
"1920",2019,131,"GENERAL ASSEMBLY RETIRE SYS",24780101.05
"1921",2019,167,"JOINT COMMITTEE ON ADMIN RULES",8047.76
"1922",2019,201,"SUPREME COURT",1607299.19
"1923",2019,210,"SUPREME COURT HISTORIC PRSRVTN",1010353.62
"1924",2019,275,"JUDGES RETIREMENT SYSTEM",157694552.63
"1925",2019,285,"JUDICIAL INQUIRY BOARD",12.58
"1926",2019,290,"OFF OF THE STATE APPELLATE DEF",36153.43
"1927",2019,295,"STATE'S ATTYS APPELLATE PROSEC",2661450.57
"1928",2019,310,"GOVERNOR",17.2
"1929",2019,340,"ATTORNEY GENERAL",190927650.41
"1930",2019,350,"SECRETARY OF STATE",2468068554.78
"1931",2019,360,"COMPTROLLER",63316735713.11
"1932",2019,370,"TREASURER",3698639209.26
"1933",2019,402,"AGING",68070365
"1934",2019,406,"AGRICULTURE",53769080.48
"1935",2019,416,"CENTRAL MANAGEMENT",3622462211.19
"1936",2019,418,"CHILDREN AND FAMILY SERVICES",288764497.07
"1937",2019,420,"COMMERCE AND ECONOMIC OPPORTUN",456150933.69
"1938",2019,422,"NATURAL RESOURCES",126556758.93
"1939",2019,425,"JUVENILE JUSTICE",2676441.01
"1940",2019,426,"CORRECTIONS",46803799.93
"1941",2019,427,"EMPLOYMENT SECURITY",180242424.09
"1942",2019,440,"FINANCIAL AND PROFESSIONAL REG",82964383
"1943",2019,442,"HUMAN RIGHTS",2429725.83
"1944",2019,444,"HUMAN SERVICES",1881145576.56
"1945",2019,445,"ILLINOIS POWER AGENCY",3610887.99
"1946",2019,446,"INSURANCE",512865920.95
"1947",2019,448,"INNOVATION AND TECHNOLOGY",379116078.47
"1948",2019,452,"LABOR",3505161.74
"1949",2019,458,"STATE LOTTERY",1352740981.63
"1950",2019,466,"MILITARY AFFAIRS",35091803.43
"1951",2019,478,"HEALTHCARE & FAMILY SERVICES",18254158295.07
"1952",2019,482,"PUBLIC HEALTH",253574640
"1953",2019,492,"REVENUE",48002517442.92
"1954",2019,493,"STATE POLICE",264979295.01
"1955",2019,494,"TRANSPORTATION",1531890182.9
"1956",2019,497,"VETERANS' AFFAIRS",59061165.26
"1957",2019,503,"IL ARTS COUNCIL",939758.83
"1958",2019,506,"ABE LINCOLN PRES LIBRARY & MUS",2192672.09
"1959",2019,507,"GOVERNOR'S OFF OF MGT & BUDGET",49603676.97
"1960",2019,509,"OFFICE OF INSPECTOR GENERAL",18960.45
"1961",2019,510,"EXECUTIVE ETHICS COMMISSION",15846.17
"1962",2019,511,"CAPITAL DEVELOPMENT BOARD",30201317.01
"1963",2019,524,"IL COMMERCE COMMISSION",33812870.49
"1964",2019,525,"DRYCLEANER COUNCIL",448192.66
"1965",2019,526,"DEAF & HARD OF HEARING COMM",228652.71
"1966",2019,527,"COMPREHNSIVE HLTH INSURANCE BD",331721.81
"1967",2019,528,"COURT OF CLAIMS",11908263.8
"1968",2019,532,"ENVIRONMENTAL PROTECT AGENCY",782330910.57
"1969",2019,537,"GUARDIAN & ADVOCACY COMM",159948.64
"1970",2019,541,"HISTORIC PRESERVATION AGENCY",1662.95
"1971",2019,542,"COMMISSION ON HUMAN RIGHTS",62.2
"1972",2019,546,"IL CRIMINAL JUSTICE INFO AUTH",84695680.29
"1973",2019,548,"IL EDUCAT LABOR RELATIONS BD",84.8
"1974",2019,555,"IL STATE BOARD OF INVESTMENTS",12380.67
"1975",2019,557,"IL STATE TOLL HIGHWAY AUTH",1467725824.79
"1976",2019,558,"COUNCIL ON DEVELOPMENTAL DISAB",3118890
"1977",2019,559,"IL VIOLENCE PREVENTION AUTH",20000
"1978",2019,560,"IL FINANCE AUTHORITY",2188654.58
"1979",2019,563,"IL WORKERS' COMPENSATION COMMI",19591437.37
"1980",2019,564,"IL INDEPENDENT TAX TRIBUNAL",94086.07
"1981",2019,565,"ILLINOIS GAMING BOARD",944304611.14
"1982",2019,568,"STATE CHARTER SCHOOL COMM",1059641.36
"1983",2019,569,"IL LAW ENFORCE TRAIN & STDS BD",345988.39
"1984",2019,578,"PRISONER REVIEW BOARD",29.95
"1985",2019,579,"RACING BOARD",1676711.16
"1986",2019,580,"PROPERTY TAX APPEAL BOARD",2343.8
"1987",2019,586,"STATE BOARD OF EDUCATION",2275146279.74
"1988",2019,587,"STATE BOARD OF ELECTIONS",1023056.26
"1989",2019,588,"IL EMERGENCY MANAGEMENT AGCY",118283363.31
"1990",2019,589,"STATE EMPLOYEES' RETIRE SYSTEM",2863087331.81
"1991",2019,590,"IL LABOR RELATIONS BOARD",203.03
"1992",2019,591,"STATE POLICE MERIT BOARD",390.19
"1993",2019,592,"OFFICE OF THE STATE FIRE MARSH",7578532.52
"1994",2019,593,"TEACHERS' RETIREMENT SYSTEM",7340098050
"1995",2019,601,"BOARD OF HIGHER EDUCATION",1802384.99
"1996",2019,684,"IL COMMUNITY COLLEGE BOARD",21963766.56
"1997",2019,691,"IL STUDENT ASSISTANCE COMM",287365854.75
"1998",2019,692,"IL MATH AND SCIENCE ACADEMY",3601184.46
"1999",2019,693,"STATE UNIV RETIREMENT SYS",22172517.56
"2000",2019,799,"STATUTORY TRANSFERS",19083778783.27
"2001",2020,101,"GENERAL ASSEMBLY",10459.33
"2002",2020,103,"AUDITOR GENERAL",6610786.7
"2003",2020,105,"COMM GOVT FRCSTING & ACCNTBLTY",448.13
"2004",2020,115,"LEGISLATIVE REFERENCE BUREAU",275
"2005",2020,131,"GENERAL ASSEMBLY RETIRE SYS",26995077.25
"2006",2020,156,"ARCHITECT OF THE CAPITOL",42.9
"2007",2020,167,"JOINT COMMITTEE ON ADMIN RULES",372.98
"2008",2020,201,"SUPREME COURT",1742672.8
"2009",2020,210,"SUPREME COURT HISTORIC PRSRVTN",500316.94
"2010",2020,275,"JUDGES RETIREMENT SYSTEM",169943531.26
"2011",2020,290,"OFF OF THE STATE APPELLATE DEF",267.66
"2012",2020,295,"STATE'S ATTYS APPELLATE PROSEC",2830188.09
"2013",2020,310,"GOVERNOR",17246.48
"2014",2020,340,"ATTORNEY GENERAL",315163872.29
"2015",2020,350,"SECRETARY OF STATE",2459582710.53
"2016",2020,360,"COMPTROLLER",70793159296.51
"2017",2020,370,"TREASURER",4361767802.17
"2018",2020,402,"AGING",59128742.38
"2019",2020,406,"AGRICULTURE",65097302.34
"2020",2020,416,"CENTRAL MANAGEMENT",3639588525.09
"2021",2020,418,"CHILDREN AND FAMILY SERVICES",306544105.68
"2022",2020,420,"COMMERCE AND ECONOMIC OPPORTUN",418434849.82
"2023",2020,422,"NATURAL RESOURCES",111443941.7
"2024",2020,425,"JUVENILE JUSTICE",1667314.8
"2025",2020,426,"CORRECTIONS",56420596.77
"2026",2020,427,"EMPLOYMENT SECURITY",186347454.17
"2027",2020,440,"FINANCIAL AND PROFESSIONAL REG",118278270.96
"2028",2020,442,"HUMAN RIGHTS",2440974.06
"2029",2020,444,"HUMAN SERVICES",2037524445.12
"2030",2020,445,"ILLINOIS POWER AGENCY",9052863.43
"2031",2020,446,"INSURANCE",470825580.34
"2032",2020,448,"INNOVATION AND TECHNOLOGY",292821925.42
"2033",2020,452,"LABOR",4237158.18
"2034",2020,458,"STATE LOTTERY",1206595612.81
"2035",2020,466,"MILITARY AFFAIRS",43915409.63
"2036",2020,478,"HEALTHCARE & FAMILY SERVICES",21234239343.96
"2037",2020,482,"PUBLIC HEALTH",336540777.14
"2038",2020,492,"REVENUE",47341736781.01
"2039",2020,493,"STATE POLICE",240504742.46
"2040",2020,494,"TRANSPORTATION",1908475548.29
"2041",2020,497,"VETERANS' AFFAIRS",56872183.95
"2042",2020,503,"IL ARTS COUNCIL",1425610.26
"2043",2020,506,"ABE LINCOLN PRES LIBRARY & MUS",1292439.24
"2044",2020,507,"GOVERNOR'S OFF OF MGT & BUDGET",38623936.95
"2045",2020,509,"OFFICE OF INSPECTOR GENERAL",92
"2046",2020,510,"EXECUTIVE ETHICS COMMISSION",45517
"2047",2020,511,"CAPITAL DEVELOPMENT BOARD",21129844.73
"2048",2020,524,"IL COMMERCE COMMISSION",29261776.22
"2049",2020,525,"DRYCLEANER COUNCIL",394491.17
"2050",2020,526,"DEAF & HARD OF HEARING COMM",212351.75
"2051",2020,527,"COMPREHNSIVE HLTH INSURANCE BD",301787.03
"2052",2020,528,"COURT OF CLAIMS",5482410.39
"2053",2020,532,"ENVIRONMENTAL PROTECT AGENCY",782304199.21
"2054",2020,537,"GUARDIAN & ADVOCACY COMM",317577.23
"2055",2020,546,"IL CRIMINAL JUSTICE INFO AUTH",111494436.62
"2056",2020,548,"IL EDUCAT LABOR RELATIONS BD",17.2
"2057",2020,555,"IL STATE BOARD OF INVESTMENTS",2197.7
"2058",2020,557,"IL STATE TOLL HIGHWAY AUTH",1734697093.65
"2059",2020,558,"COUNCIL ON DEVELOPMENTAL DISAB",3545197
"2060",2020,560,"IL FINANCE AUTHORITY",2330898.56
"2061",2020,563,"IL WORKERS' COMPENSATION COMMI",20232233.7
"2062",2020,564,"IL INDEPENDENT TAX TRIBUNAL",48500
"2063",2020,565,"ILLINOIS GAMING BOARD",821192327.41
"2064",2020,567,"LIQUOR CONTROL COMM",16647202
"2065",2020,568,"STATE CHARTER SCHOOL COMM",858632.86
"2066",2020,569,"IL LAW ENFORCE TRAIN & STDS BD",230953.77
"2067",2020,578,"PRISONER REVIEW BOARD",8871.11
"2068",2020,579,"RACING BOARD",5148829.31
"2069",2020,580,"PROPERTY TAX APPEAL BOARD",2639.63
"2070",2020,586,"STATE BOARD OF EDUCATION",2268771281.06
"2071",2020,587,"STATE BOARD OF ELECTIONS",28988512.99
"2072",2020,588,"IL EMERGENCY MANAGEMENT AGCY",3648597998.35
"2073",2020,589,"STATE EMPLOYEES' RETIRE SYSTEM",3050484305.26
"2074",2020,592,"OFFICE OF THE STATE FIRE MARSH",5615176.21
"2075",2020,593,"TEACHERS' RETIREMENT SYSTEM",7903372858.04
"2076",2020,601,"BOARD OF HIGHER EDUCATION",956506.98
"2077",2020,684,"IL COMMUNITY COLLEGE BOARD",18991542.56
"2078",2020,691,"IL STUDENT ASSISTANCE COMM",262346683.93
"2079",2020,692,"IL MATH AND SCIENCE ACADEMY",2689492.28
"2080",2020,693,"STATE UNIV RETIREMENT SYS",22275702.75
"2081",2020,799,"STATUTORY TRANSFERS",22098664454.63
"2082",2021,101,"GENERAL ASSEMBLY",9009.2
"2083",2021,103,"AUDITOR GENERAL",5987100.92
"2084",2021,105,"COMM GOVT FRCSTING & ACCNTBLTY",149.25
"2085",2021,108,"LEGISLATIVE INFORMATION SYSTEM",428.19
"2086",2021,110,"IL LEGISLATIVE PRINTING UNIT",298.33
"2087",2021,115,"LEGISLATIVE REFERENCE BUREAU",110
"2088",2021,131,"GENERAL ASSEMBLY RETIRE SYS",28555729.11
"2089",2021,167,"JOINT COMMITTEE ON ADMIN RULES",491.94
"2090",2021,201,"SUPREME COURT",1774447.81
"2091",2021,210,"SUPREME COURT HISTORIC PRSRVTN",1501753.65
"2092",2021,275,"JUDGES RETIREMENT SYSTEM",163484365.53
"2093",2021,285,"JUDICIAL INQUIRY BOARD",6993.18
"2094",2021,290,"OFF OF THE STATE APPELLATE DEF",40
"2095",2021,295,"STATE'S ATTYS APPELLATE PROSEC",4102444.34
"2096",2021,310,"GOVERNOR",126983.32
"2097",2021,340,"ATTORNEY GENERAL",56458718.16
"2098",2021,350,"SECRETARY OF STATE",3328769172.88
"2099",2021,360,"COMPTROLLER",82501752108.86
"2100",2021,370,"TREASURER",5668285726.77
"2101",2021,402,"AGING",92999997.84
"2102",2021,406,"AGRICULTURE",54222840.5
"2103",2021,416,"CENTRAL MANAGEMENT",3786278751.73
"2104",2021,418,"CHILDREN AND FAMILY SERVICES",368670584.72
"2105",2021,420,"COMMERCE AND ECONOMIC OPPORTUN",1085752182.16
"2106",2021,422,"NATURAL RESOURCES",130198953.03
"2107",2021,425,"JUVENILE JUSTICE",1988176.28
"2108",2021,426,"CORRECTIONS",41470910.05
"2109",2021,427,"EMPLOYMENT SECURITY",291448798.12
"2110",2021,440,"FINANCIAL AND PROFESSIONAL REG",127872048.78
"2111",2021,442,"HUMAN RIGHTS",2429890.17
"2112",2021,444,"HUMAN SERVICES",2389178570.87
"2113",2021,445,"ILLINOIS POWER AGENCY",6190305.95
"2114",2021,446,"INSURANCE",625429398.56
"2115",2021,448,"INNOVATION AND TECHNOLOGY",334681684.95
"2116",2021,452,"LABOR",6266304.93
"2117",2021,458,"STATE LOTTERY",1551878820.09
"2118",2021,466,"MILITARY AFFAIRS",35820412.73
"2119",2021,478,"HEALTHCARE & FAMILY SERVICES",25685996685.3
"2120",2021,482,"PUBLIC HEALTH",452752882.41
"2121",2021,492,"REVENUE",56261026787.47
"2122",2021,493,"STATE POLICE",288643214.91
"2123",2021,494,"TRANSPORTATION",2541072431.8
"2124",2021,497,"VETERANS' AFFAIRS",52380792.92
"2125",2021,503,"IL ARTS COUNCIL",1034941.37
"2126",2021,506,"ABE LINCOLN PRES LIBRARY & MUS",614368.52
"2127",2021,507,"GOVERNOR'S OFF OF MGT & BUDGET",64984703.35
"2128",2021,509,"OFFICE OF INSPECTOR GENERAL",2367.17
"2129",2021,510,"EXECUTIVE ETHICS COMMISSION",145595.26
"2130",2021,511,"CAPITAL DEVELOPMENT BOARD",64549662.89
"2131",2021,517,"CIVIL SERVICE COMMISSION",279.04
"2132",2021,524,"IL COMMERCE COMMISSION",27477603.02
"2133",2021,525,"DRYCLEANER COUNCIL",59822
"2134",2021,526,"DEAF & HARD OF HEARING COMM",78470
"2135",2021,527,"COMPREHNSIVE HLTH INSURANCE BD",384911.04
"2136",2021,528,"COURT OF CLAIMS",348348.92
"2137",2021,532,"ENVIRONMENTAL PROTECT AGENCY",719761325.04
"2138",2021,537,"GUARDIAN & ADVOCACY COMM",226918.77
"2139",2021,546,"IL CRIMINAL JUSTICE INFO AUTH",84913000.51
"2140",2021,548,"IL EDUCAT LABOR RELATIONS BD",4258.5
"2141",2021,551,"IL HOUSING DEVELOPMENT AUTH",3023660.9
"2142",2021,555,"IL STATE BOARD OF INVESTMENTS",8892.78
"2143",2021,557,"IL STATE TOLL HIGHWAY AUTH",1853378953.81
"2144",2021,558,"COUNCIL ON DEVELOPMENTAL DISAB",3060453
"2145",2021,560,"IL FINANCE AUTHORITY",2822062.32
"2146",2021,563,"IL WORKERS' COMPENSATION COMMI",18473851.91
"2147",2021,564,"IL INDEPENDENT TAX TRIBUNAL",78500
"2148",2021,565,"ILLINOIS GAMING BOARD",930830816.43
"2149",2021,567,"LIQUOR CONTROL COMM",17544592.75
"2150",2021,569,"IL LAW ENFORCE TRAIN & STDS BD",6326340.73
"2151",2021,579,"RACING BOARD",9846742.98
"2152",2021,580,"PROPERTY TAX APPEAL BOARD",12404.68
"2153",2021,586,"STATE BOARD OF EDUCATION",3100535010.13
"2154",2021,587,"STATE BOARD OF ELECTIONS",8783022.17
"2155",2021,588,"IL EMERGENCY MANAGEMENT AGCY",1109789724.88
"2156",2021,589,"STATE EMPLOYEES' RETIRE SYSTEM",2901469485.81
"2157",2021,591,"STATE POLICE MERIT BOARD",4761.33
"2158",2021,592,"OFFICE OF THE STATE FIRE MARSH",7650604.59
"2159",2021,593,"TEACHERS' RETIREMENT SYSTEM",8099510657.92
"2160",2021,601,"BOARD OF HIGHER EDUCATION",20586373.22
"2161",2021,684,"IL COMMUNITY COLLEGE BOARD",37009187.37
"2162",2021,691,"IL STUDENT ASSISTANCE COMM",208175755.94
"2163",2021,692,"IL MATH AND SCIENCE ACADEMY",1783251.83
"2164",2021,693,"STATE UNIV RETIREMENT SYS",21857384.66
"2165",2021,695,"STATE UNIV CIVIL SERV MERIT BD",288.05
"2166",2021,799,"STATUTORY TRANSFERS",25705051133.64
"2167",2022,101,"GENERAL ASSEMBLY",6863.78
"2168",2022,103,"AUDITOR GENERAL",5599540
"2169",2022,115,"LEGISLATIVE REFERENCE BUREAU",243.9
"2170",2022,131,"GENERAL ASSEMBLY RETIRE SYS",29700315.82
"2171",2022,167,"JOINT COMMITTEE ON ADMIN RULES",68.1
"2172",2022,201,"SUPREME COURT",2381158.72
"2173",2022,210,"SUPREME COURT HISTORIC PRSRVTN",800727.3
"2174",2022,275,"JUDGES RETIREMENT SYSTEM",176621159.31
"2175",2022,290,"OFF OF THE STATE APPELLATE DEF",42.2
"2176",2022,295,"STATE'S ATTYS APPELLATE PROSEC",3598112
"2177",2022,310,"GOVERNOR",304937.7
"2178",2022,330,"LIEUTENANT GOVERNOR",507.96
"2179",2022,340,"ATTORNEY GENERAL",50044710.54
"2180",2022,350,"SECRETARY OF STATE",3029156028.37
"2181",2022,360,"COMPTROLLER",92416592432.91
"2182",2022,370,"TREASURER",4883779280.89
"2183",2022,402,"AGING",81106620.54
"2184",2022,406,"AGRICULTURE",82880369.42
"2185",2022,416,"CENTRAL MANAGEMENT",4656465262.2
"2186",2022,418,"CHILDREN AND FAMILY SERVICES",335580444.29
"2187",2022,420,"COMMERCE AND ECONOMIC OPPORTUN",712487218.07
"2188",2022,422,"NATURAL RESOURCES",200683300.39
"2189",2022,425,"JUVENILE JUSTICE",2563390.79
"2190",2022,426,"CORRECTIONS",88131492.64
"2191",2022,427,"EMPLOYMENT SECURITY",315958070.5
"2192",2022,440,"FINANCIAL AND PROFESSIONAL REG",102036219.82
"2193",2022,442,"HUMAN RIGHTS",2323618.09
"2194",2022,444,"HUMAN SERVICES",3217161145.95
"2195",2022,445,"ILLINOIS POWER AGENCY",13792039.26
"2196",2022,446,"INSURANCE",636787287.95
"2197",2022,448,"INNOVATION AND TECHNOLOGY",498420624.94
"2198",2022,452,"LABOR",7107490.88
"2199",2022,458,"STATE LOTTERY",1435919473
"2200",2022,466,"MILITARY AFFAIRS",42094334.5
"2201",2022,478,"HEALTHCARE & FAMILY SERVICES",27614729879.21
"2202",2022,482,"PUBLIC HEALTH",687683988.85
"2203",2022,492,"REVENUE",67128872920.49
"2204",2022,493,"STATE POLICE",277760919.24
"2205",2022,494,"TRANSPORTATION",2018270944.74
"2206",2022,497,"VETERANS' AFFAIRS",43617970.52
"2207",2022,503,"IL ARTS COUNCIL",1948422.7
"2208",2022,506,"ABE LINCOLN PRES LIBRARY & MUS",2022214.45
"2209",2022,507,"GOVERNOR'S OFF OF MGT & BUDGET",52143244.66
"2210",2022,509,"OFFICE OF INSPECTOR GENERAL",7.2
"2211",2022,510,"EXECUTIVE ETHICS COMMISSION",68038.75
"2212",2022,511,"CAPITAL DEVELOPMENT BOARD",27448205.49
"2213",2022,524,"IL COMMERCE COMMISSION",40358811.5
"2214",2022,526,"DEAF & HARD OF HEARING COMM",377229
"2215",2022,527,"COMPREHNSIVE HLTH INSURANCE BD",359308.15
"2216",2022,528,"COURT OF CLAIMS",8937989.89
"2217",2022,532,"ENVIRONMENTAL PROTECT AGENCY",822670144.41
"2218",2022,537,"GUARDIAN & ADVOCACY COMM",383742.3
"2219",2022,542,"COMMISSION ON HUMAN RIGHTS",17.2
"2220",2022,546,"IL CRIMINAL JUSTICE INFO AUTH",93725905.12
"2221",2022,548,"IL EDUCAT LABOR RELATIONS BD",76.44
"2222",2022,551,"IL HOUSING DEVELOPMENT AUTH",26280835.93
"2223",2022,557,"IL STATE TOLL HIGHWAY AUTH",2251881750.86
"2224",2022,558,"COUNCIL ON DEVELOPMENTAL DISAB",2799266.23
"2225",2022,560,"IL FINANCE AUTHORITY",3183496.39
"2226",2022,563,"IL WORKERS' COMPENSATION COMMI",18295302.48
"2227",2022,564,"IL INDEPENDENT TAX TRIBUNAL",56500
"2228",2022,565,"ILLINOIS GAMING BOARD",1423008449.47
"2229",2022,567,"LIQUOR CONTROL COMM",20973113.07
"2230",2022,569,"IL LAW ENFORCE TRAIN & STDS BD",8202130.49
"2231",2022,578,"PRISONER REVIEW BOARD",762.96
"2232",2022,579,"RACING BOARD",10333558.8
"2233",2022,580,"PROPERTY TAX APPEAL BOARD",125.25
"2234",2022,586,"STATE BOARD OF EDUCATION",4558395369.87
"2235",2022,587,"STATE BOARD OF ELECTIONS",2464230.2
"2236",2022,588,"IL EMERGENCY MANAGEMENT AGCY",9697298125.63
"2237",2022,589,"STATE EMPLOYEES' RETIRE SYSTEM",3192990882.21
"2238",2022,591,"STATE POLICE MERIT BOARD",52.44
"2239",2022,592,"OFFICE OF THE STATE FIRE MARSH",6290721.26
"2240",2022,593,"TEACHERS' RETIREMENT SYSTEM",8312081601.09
"2241",2022,601,"BOARD OF HIGHER EDUCATION",16249698.64
"2242",2022,684,"IL COMMUNITY COLLEGE BOARD",40589663.07
"2243",2022,691,"IL STUDENT ASSISTANCE COMM",427695682.63
"2244",2022,692,"IL MATH AND SCIENCE ACADEMY",3229205.91
"2245",2022,693,"STATE UNIV RETIREMENT SYS",21418310.8
"2246",2022,799,"STATUTORY TRANSFERS",25527012078.82
"2247",2023,101,"GENERAL ASSEMBLY",11525.7
"2248",2023,103,"AUDITOR GENERAL",8331310.37
"2249",2023,109,"LEGISLATIVE AUDIT COMMISSION",9.66
"2250",2023,115,"LEGISLATIVE REFERENCE BUREAU",252.6
"2251",2023,131,"GENERAL ASSEMBLY RETIRE SYS",29393207.34
"2252",2023,201,"SUPREME COURT",12083424.16
"2253",2023,210,"SUPREME COURT HISTORIC PRSRVTN",945877.69
"2254",2023,275,"JUDGES RETIREMENT SYSTEM",194075156.78
"2255",2023,280,"COURTS COMMISSION",624
"2256",2023,290,"OFF OF THE STATE APPELLATE DEF",9326.15
"2257",2023,295,"STATE'S ATTYS APPELLATE PROSEC",3064035.07
"2258",2023,310,"GOVERNOR",156398.04
"2259",2023,330,"LIEUTENANT GOVERNOR",5284.7
"2260",2023,340,"ATTORNEY GENERAL",58922220.26
"2261",2023,350,"SECRETARY OF STATE",3082188002.32
"2262",2023,360,"COMPTROLLER",98882701878.6
"2263",2023,370,"TREASURER",5924541022.08
"2264",2023,402,"AGING",85258549.25
"2265",2023,406,"AGRICULTURE",60604786.73
"2266",2023,416,"CENTRAL MANAGEMENT",3854417437.84
"2267",2023,418,"CHILDREN AND FAMILY SERVICES",422262159.3
"2268",2023,420,"COMMERCE AND ECONOMIC OPPORTUN",738987322.71
"2269",2023,422,"NATURAL RESOURCES",158462633.08
"2270",2023,425,"JUVENILE JUSTICE",3465528.77
"2271",2023,426,"CORRECTIONS",35884508.56
"2272",2023,427,"EMPLOYMENT SECURITY",310641741.38
"2273",2023,440,"FINANCIAL AND PROFESSIONAL REG",78907712.42
"2274",2023,442,"HUMAN RIGHTS",2101711.23
"2275",2023,444,"HUMAN SERVICES",3423359910.84
"2276",2023,445,"ILLINOIS POWER AGENCY",17792320.85
"2277",2023,446,"INSURANCE",676616820.01
"2278",2023,448,"INNOVATION AND TECHNOLOGY",659115089.54
"2279",2023,452,"LABOR",7353385.38
"2280",2023,458,"STATE LOTTERY",2487313070.01
"2281",2023,466,"MILITARY AFFAIRS",50143451.76
"2282",2023,478,"HEALTHCARE & FAMILY SERVICES",30222424512.84
"2283",2023,482,"PUBLIC HEALTH",490874065.63
"2284",2023,492,"REVENUE",67538515142.05
"2285",2023,493,"STATE POLICE",255600012.13
"2286",2023,494,"TRANSPORTATION",2331419467.09
"2287",2023,497,"VETERANS' AFFAIRS",50279186.05
"2288",2023,503,"IL ARTS COUNCIL",1069893.32
"2289",2023,506,"ABE LINCOLN PRES LIBRARY & MUS",2355318.42
"2290",2023,507,"GOVERNOR'S OFF OF MGT & BUDGET",40250278.71
"2291",2023,509,"OFFICE OF INSPECTOR GENERAL",122.81
"2292",2023,510,"EXECUTIVE ETHICS COMMISSION",5839.35
"2293",2023,511,"CAPITAL DEVELOPMENT BOARD",106605155.09
"2294",2023,524,"IL COMMERCE COMMISSION",29247828.48
"2295",2023,526,"DEAF & HARD OF HEARING COMM",252675
"2296",2023,527,"COMPREHNSIVE HLTH INSURANCE BD",86713.77
"2297",2023,528,"COURT OF CLAIMS",8451977.08
"2298",2023,532,"ENVIRONMENTAL PROTECT AGENCY",505376621.03
"2299",2023,533,"COMM ON EQUITY & INCLUSION",3e+05
"2300",2023,537,"GUARDIAN & ADVOCACY COMM",252909.63
"2301",2023,546,"IL CRIMINAL JUSTICE INFO AUTH",136399294.19
"2302",2023,551,"IL HOUSING DEVELOPMENT AUTH",21679674.09
"2303",2023,557,"IL STATE TOLL HIGHWAY AUTH",2118336792.65
"2304",2023,558,"COUNCIL ON DEVELOPMENTAL DISAB",2731460.97
"2305",2023,560,"IL FINANCE AUTHORITY",2487270.11
"2306",2023,563,"IL WORKERS' COMPENSATION COMMI",19339614.36
"2307",2023,564,"IL INDEPENDENT TAX TRIBUNAL",57500
"2308",2023,565,"ILLINOIS GAMING BOARD",1576334115.26
"2309",2023,567,"LIQUOR CONTROL COMM",5965562.71
"2310",2023,569,"IL LAW ENFORCE TRAIN & STDS BD",38412096.12
"2311",2023,578,"PRISONER REVIEW BOARD",3631.63
"2312",2023,579,"RACING BOARD",8010402.62
"2313",2023,580,"PROPERTY TAX APPEAL BOARD",1236.45
"2314",2023,586,"STATE BOARD OF EDUCATION",4876518488.42
"2315",2023,587,"STATE BOARD OF ELECTIONS",2827844.88
"2316",2023,588,"IL EMERGENCY MANAGEMENT AGCY",1143561862.71
"2317",2023,589,"STATE EMPLOYEES' RETIRE SYSTEM",3277018248
"2318",2023,590,"IL LABOR RELATIONS BOARD",35
"2319",2023,592,"OFFICE OF THE STATE FIRE MARSH",6567961.13
"2320",2023,593,"TEACHERS' RETIREMENT SYSTEM",8550754026.62
"2321",2023,601,"BOARD OF HIGHER EDUCATION",23331612.05
"2322",2023,684,"IL COMMUNITY COLLEGE BOARD",42027911.86
"2323",2023,691,"IL STUDENT ASSISTANCE COMM",149684326.11
"2324",2023,692,"IL MATH AND SCIENCE ACADEMY",2728984.58
"2325",2023,693,"STATE UNIV RETIREMENT SYS",20163550.91
"2326",2023,799,"STATUTORY TRANSFERS",28655281776.21
"2327",2024,101,"GENERAL ASSEMBLY",3924.17
"2328",2024,103,"AUDITOR GENERAL",5576730.38
"2329",2024,105,"COMM GOVT FRCSTING & ACCNTBLTY",664.6
"2330",2024,115,"LEGISLATIVE REFERENCE BUREAU",165
"2331",2024,131,"GENERAL ASSEMBLY RETIRE SYS",27985292.68
"2332",2024,156,"ARCHITECT OF THE CAPITOL",32.32
"2333",2024,167,"JOINT COMMITTEE ON ADMIN RULES",30.45
"2334",2024,201,"SUPREME COURT",2717784.11
"2335",2024,210,"SUPREME COURT HISTORIC PRSRVTN",979990.81
"2336",2024,275,"JUDGES RETIREMENT SYSTEM",203587942
"2337",2024,285,"JUDICIAL INQUIRY BOARD",15.6
"2338",2024,290,"OFF OF THE STATE APPELLATE DEF",225
"2339",2024,295,"STATE'S ATTYS APPELLATE PROSEC",3656624.32
"2340",2024,310,"GOVERNOR",449783.3
"2341",2024,330,"LIEUTENANT GOVERNOR",30.62
"2342",2024,340,"ATTORNEY GENERAL",95461317.2
"2343",2024,350,"SECRETARY OF STATE",3168375029.11
"2344",2024,360,"COMPTROLLER",101723299525.21
"2345",2024,370,"TREASURER",7014869969.58
"2346",2024,402,"AGING",91786502.13
"2347",2024,406,"AGRICULTURE",76125560.72
"2348",2024,416,"CENTRAL MANAGEMENT",4077444193.55
"2349",2024,418,"CHILDREN AND FAMILY SERVICES",355807378.52
"2350",2024,420,"COMMERCE AND ECONOMIC OPPORTUN",640655977.89
"2351",2024,422,"NATURAL RESOURCES",171620331.47
"2352",2024,425,"JUVENILE JUSTICE",1296518.47
"2353",2024,426,"CORRECTIONS",56387171.33
"2354",2024,427,"EMPLOYMENT SECURITY",239929898.72
"2355",2024,440,"FINANCIAL AND PROFESSIONAL REG",119205011.26
"2356",2024,442,"HUMAN RIGHTS",7012724.85
"2357",2024,444,"HUMAN SERVICES",3603892264.88
"2358",2024,445,"ILLINOIS POWER AGENCY",45021072.69
"2359",2024,446,"INSURANCE",669663721.51
"2360",2024,448,"INNOVATION AND TECHNOLOGY",680841773.06
"2361",2024,452,"LABOR",9782636.16
"2362",2024,458,"STATE LOTTERY",1893555220.47
"2363",2024,466,"MILITARY AFFAIRS",56918622.53
"2364",2024,478,"HEALTHCARE & FAMILY SERVICES",33437562116.51
"2365",2024,482,"PUBLIC HEALTH",490267304.71
"2366",2024,492,"REVENUE",67623732296.95
"2367",2024,493,"STATE POLICE",315012967.13
"2368",2024,494,"TRANSPORTATION",2541147175.9
"2369",2024,497,"VETERANS' AFFAIRS",59760500.95
"2370",2024,503,"IL ARTS COUNCIL",1180169.98
"2371",2024,506,"ABE LINCOLN PRES LIBRARY & MUS",2253976.72
"2372",2024,507,"GOVERNOR'S OFF OF MGT & BUDGET",33857415.98
"2373",2024,509,"OFFICE OF INSPECTOR GENERAL",341.89
"2374",2024,510,"EXECUTIVE ETHICS COMMISSION",13900.41
"2375",2024,511,"CAPITAL DEVELOPMENT BOARD",94424326.57
"2376",2024,524,"IL COMMERCE COMMISSION",42015819.75
"2377",2024,526,"DEAF & HARD OF HEARING COMM",285337
"2378",2024,528,"COURT OF CLAIMS",2552700.89
"2379",2024,532,"ENVIRONMENTAL PROTECT AGENCY",929450623.81
"2380",2024,537,"GUARDIAN & ADVOCACY COMM",370942.26
"2381",2024,546,"IL CRIMINAL JUSTICE INFO AUTH",79781878.51
"2382",2024,548,"IL EDUCAT LABOR RELATIONS BD",8.57
"2383",2024,551,"IL HOUSING DEVELOPMENT AUTH",25572650.22
"2384",2024,557,"IL STATE TOLL HIGHWAY AUTH",1699718602.09
"2385",2024,558,"COUNCIL ON DEVELOPMENTAL DISAB",3455996.76
"2386",2024,560,"IL FINANCE AUTHORITY",2245922.96
"2387",2024,563,"IL WORKERS' COMPENSATION COMMI",24259836.66
"2388",2024,564,"IL INDEPENDENT TAX TRIBUNAL",56000
"2389",2024,565,"ILLINOIS GAMING BOARD",1801549813.73
"2390",2024,567,"LIQUOR CONTROL COMM",19538054.67
"2391",2024,569,"IL LAW ENFORCE TRAIN & STDS BD",50011447.1
"2392",2024,579,"RACING BOARD",8867497.57
"2393",2024,580,"PROPERTY TAX APPEAL BOARD",692.17
"2394",2024,586,"STATE BOARD OF EDUCATION",4823782234.75
"2395",2024,587,"STATE BOARD OF ELECTIONS",2169294.26
"2396",2024,588,"IL EMERGENCY MANAGEMENT AGCY",538713776.91
"2397",2024,589,"STATE EMPLOYEES' RETIRE SYSTEM",3422445554.46
"2398",2024,591,"STATE POLICE MERIT BOARD",10000
"2399",2024,592,"OFFICE OF THE STATE FIRE MARSH",7267026.5
"2400",2024,593,"TEACHERS' RETIREMENT SYSTEM",8867533196.17
"2401",2024,601,"BOARD OF HIGHER EDUCATION",40261202.65
"2402",2024,684,"IL COMMUNITY COLLEGE BOARD",61227131
"2403",2024,691,"IL STUDENT ASSISTANCE COMM",197808160.68
"2404",2024,692,"IL MATH AND SCIENCE ACADEMY",832454.2
"2405",2024,693,"STATE UNIV RETIREMENT SYS",24023982.97
"2406",2024,695,"STATE UNIV CIVIL SERV MERIT BD",1010
"2407",2024,799,"STATUTORY TRANSFERS",21746118638.43
"2408",2025,101,"GENERAL ASSEMBLY",13797.65
"2409",2025,103,"AUDITOR GENERAL",8520917.68
"2410",2025,108,"LEGISLATIVE INFORMATION SYSTEM",436.29
"2411",2025,115,"LEGISLATIVE REFERENCE BUREAU",190.4
"2412",2025,131,"GENERAL ASSEMBLY RETIRE SYS",27796739.59
"2413",2025,167,"JOINT COMMITTEE ON ADMIN RULES",513.7
"2414",2025,201,"SUPREME COURT",12378982.07
"2415",2025,210,"SUPREME COURT HISTORIC PRSRVTN",913037.23
"2416",2025,275,"JUDGES RETIREMENT SYSTEM",207605931.86
"2417",2025,280,"COURTS COMMISSION",299.99
"2418",2025,285,"JUDICIAL INQUIRY BOARD",698.54
"2419",2025,290,"OFF OF THE STATE APPELLATE DEF",490
"2420",2025,295,"STATE'S ATTYS APPELLATE PROSEC",3198057.64
"2421",2025,310,"GOVERNOR",1369.24
"2422",2025,330,"LIEUTENANT GOVERNOR",35
"2423",2025,340,"ATTORNEY GENERAL",75717353.33
"2424",2025,350,"SECRETARY OF STATE",3210394120.75
"2425",2025,360,"COMPTROLLER",104846542801.3
"2426",2025,370,"TREASURER",6417724713.67
"2427",2025,402,"AGING",92598961.95
"2428",2025,406,"AGRICULTURE",96291265.68
"2429",2025,416,"CENTRAL MANAGEMENT",4587307943.88
"2430",2025,418,"CHILDREN AND FAMILY SERVICES",417046742.7
"2431",2025,420,"COMMERCE AND ECONOMIC OPPORTUN",791838635.54
"2432",2025,422,"NATURAL RESOURCES",232174262.12
"2433",2025,425,"JUVENILE JUSTICE",3762260.99
"2434",2025,426,"CORRECTIONS",30633788.74
"2435",2025,427,"EMPLOYMENT SECURITY",461041547.3
"2436",2025,440,"FINANCIAL AND PROFESSIONAL REG",122525888.47
"2437",2025,442,"HUMAN RIGHTS",2207808.1
"2438",2025,444,"HUMAN SERVICES",3777031633.08
"2439",2025,445,"ILLINOIS POWER AGENCY",49778327.48
"2440",2025,446,"INSURANCE",769763315.16
"2441",2025,448,"INNOVATION AND TECHNOLOGY",510522174.15
"2442",2025,452,"LABOR",15248422.83
"2443",2025,458,"STATE LOTTERY",1657359769.26
"2444",2025,466,"MILITARY AFFAIRS",53969970.95
"2445",2025,478,"HEALTHCARE & FAMILY SERVICES",32961786876.63
"2446",2025,482,"PUBLIC HEALTH",469826368.71
"2447",2025,492,"REVENUE",70091218323.89
"2448",2025,493,"STATE POLICE",283386464.1
"2449",2025,494,"TRANSPORTATION",3001477948.57
"2450",2025,497,"VETERANS' AFFAIRS",62218290.2
"2451",2025,503,"IL ARTS COUNCIL",1175240.91
"2452",2025,506,"ABE LINCOLN PRES LIBRARY & MUS",2280648.36
"2453",2025,507,"GOVERNOR'S OFF OF MGT & BUDGET",38600261.69
"2454",2025,509,"OFFICE OF INSPECTOR GENERAL",94
"2455",2025,510,"EXECUTIVE ETHICS COMMISSION",37739.95
"2456",2025,511,"CAPITAL DEVELOPMENT BOARD",84557591.27
"2457",2025,524,"IL COMMERCE COMMISSION",37161298.66
"2458",2025,526,"DEAF & HARD OF HEARING COMM",368889
"2459",2025,528,"COURT OF CLAIMS",6646159.53
"2460",2025,532,"ENVIRONMENTAL PROTECT AGENCY",895664661.88
"2461",2025,537,"GUARDIAN & ADVOCACY COMM",528807.19
"2462",2025,546,"IL CRIMINAL JUSTICE INFO AUTH",74030780.01
"2463",2025,548,"IL EDUCAT LABOR RELATIONS BD",35
"2464",2025,551,"IL HOUSING DEVELOPMENT AUTH",17333339.57
"2465",2025,557,"IL STATE TOLL HIGHWAY AUTH",1766382393.88
"2466",2025,558,"COUNCIL ON DEVELOPMENTAL DISAB",3326055
"2467",2025,560,"IL FINANCE AUTHORITY",2448399.19
"2468",2025,563,"IL WORKERS' COMPENSATION COMMI",23333097.8
"2469",2025,564,"IL INDEPENDENT TAX TRIBUNAL",56500
"2470",2025,565,"ILLINOIS GAMING BOARD",1954268763.46
"2471",2025,567,"LIQUOR CONTROL COMM",20316564.5
"2472",2025,569,"IL LAW ENFORCE TRAIN & STDS BD",5607.6
"2473",2025,579,"RACING BOARD",8808372.12
"2474",2025,580,"PROPERTY TAX APPEAL BOARD",760.75
"2475",2025,586,"STATE BOARD OF EDUCATION",4773296833.3
"2476",2025,587,"STATE BOARD OF ELECTIONS",1648900.97
"2477",2025,588,"IL EMERGENCY MANAGEMENT AGCY",900854295.35
"2478",2025,589,"STATE EMPLOYEES' RETIRE SYSTEM",3570059247.74
"2479",2025,590,"IL LABOR RELATIONS BOARD",40
"2480",2025,592,"OFFICE OF THE STATE FIRE MARSH",7359145.08
"2481",2025,593,"TEACHERS' RETIREMENT SYSTEM",9212067644.22
"2482",2025,601,"BOARD OF HIGHER EDUCATION",160979927.59
"2483",2025,684,"IL COMMUNITY COLLEGE BOARD",31728261.53
"2484",2025,691,"IL STUDENT ASSISTANCE COMM",129116878.67
"2485",2025,692,"IL MATH AND SCIENCE ACADEMY",899606.71
"2486",2025,693,"STATE UNIV RETIREMENT SYS",26699205.39
"2487",2025,799,"STATUTORY TRANSFERS",21828386349.3
"2488",NA,NA,NA,0
